Dist Code,Year,State Name,Dist Name,RICE AREA (1000 ha),RICE PRODUCTION (1000 tons),RICE YIELD (Kg per ha),WHEAT AREA (1000 ha),WHEAT PRODUCTION (1000 tons),WHEAT YIELD (Kg per ha),COTTON AREA (1000 ha),COTTON PRODUCTION (1000 tons),COTTON YIELD (Kg per ha)
1,2010,Chhattisgarh,Durg,777.92,1319.18,1695.77,46.12,45.87,994.69,0.0,0.0,0.0
1,2011,Chhattisgarh,Durg,806.55,1416.48,1756.23,44.98,50.19,1115.68,0.08,0.02,250.0
1,2012,Chhattisgarh,Durg,807.07,1534.22,1900.97,43.87,47.69,1087.1,0.13,0.02,153.85
1,2013,Chhattisgarh,Durg,819.44,1296.24,1581.86,41.54,43.33,1043.06,0.05,0.01,200.0
1,2014,Chhattisgarh,Durg,834.87,1444.24,1729.89,44.25,50.96,1151.49,0.05,0.02,400.0
1,2015,Chhattisgarh,Durg,817.68,880.6,1076.95,48.72,54.6,1120.74,0.05,0.01,200.0
1,2016,Chhattisgarh,Durg,858.91,1791.66,2085.96,48.94,61.84,1263.55,0.06,0.02,317.81
1,2017,Chhattisgarh,Durg,841.13,983.21,1168.92,43.5,50.19,1153.77,0.45,0.13,297.85
2,2010,Chhattisgarh,Bastar,621.89,1184.98,1905.45,1.6,3.2,2000.0,0.0,0.0,0.0
2,2011,Chhattisgarh,Bastar,627.73,772.88,1231.23,1.33,2.49,1872.18,0.0,0.0,0.0
2,2012,Chhattisgarh,Bastar,637.8,1341.33,2103.06,1.25,2.47,1976.0,0.0,0.0,0.0
2,2013,Chhattisgarh,Bastar,642.79,1265.91,1969.4,0.97,1.75,1804.12,0.0,0.0,0.0
2,2014,Chhattisgarh,Bastar,646.7,1377.04,2129.33,0.81,1.86,2296.3,0.0,0.0,0.0
2,2015,Chhattisgarh,Bastar,644.56,664.46,1030.87,0.84,1.75,2083.33,0.0,0.0,0.0
2,2016,Chhattisgarh,Bastar,656.26,1294.97,1973.24,0.67,1.53,2265.58,0.0,0.0,0.0
2,2017,Chhattisgarh,Bastar,660.36,801.82,1214.23,1.24,2.22,1783.13,0.0,0.0,0.0
3,2010,Chhattisgarh,Raipur,915.4,1521.13,1661.71,11.3,15.2,1345.13,0.0,0.0,0.0
3,2011,Chhattisgarh,Raipur,958.01,1421.37,1483.67,10.54,17.89,1697.34,0.0,0.0,0.0
3,2012,Chhattisgarh,Raipur,993.68,1974.69,1987.25,9.76,17.75,1818.65,0.0,0.0,0.0
3,2013,Chhattisgarh,Raipur,1009.22,1749.21,1733.23,9.21,15.86,1722.04,0.0,0.0,0.0
3,2014,Chhattisgarh,Raipur,1034.99,2127.73,2055.8,10.38,21.24,2046.24,0.0,0.0,0.0
3,2015,Chhattisgarh,Raipur,986.91,1412.83,1431.57,10.99,19.3,1756.14,0.01,0.0,0.0
3,2016,Chhattisgarh,Raipur,1009.29,2432.48,2410.09,8.8,17.95,2038.28,0.01,0.01,408.0
3,2017,Chhattisgarh,Raipur,959.01,1520.95,1585.96,14.56,23.66,1625.61,0.03,0.01,360.0
4,2010,Chhattisgarh,Bilaspur,705.67,1333.61,1889.83,24.88,30.13,1210.79,0.0,0.0,0.0
4,2011,Chhattisgarh,Bilaspur,749.08,1557.35,2079.01,19.08,26.28,1377.75,0.0,0.0,0.0
4,2012,Chhattisgarh,Bilaspur,747.27,1746.82,2337.61,18.7,27.31,1460.32,0.0,0.0,0.0
4,2013,Chhattisgarh,Bilaspur,726.15,1577.16,2171.95,19.88,26.97,1356.73,0.0,0.0,0.0
4,2014,Chhattisgarh,Bilaspur,728.84,1683.92,2310.43,18.11,28.15,1554.83,0.0,0.0,0.0
4,2015,Chhattisgarh,Bilaspur,731.83,1340.65,1831.92,17.82,27.03,1516.74,0.0,0.0,0.0
4,2016,Chhattisgarh,Bilaspur,727.5,1858.19,2554.21,16.2,25.1,1549.23,0.0,0.0,0.0
4,2017,Chhattisgarh,Bilaspur,727.94,1295.71,1779.97,15.8,21.72,1374.7,0.0,0.0,0.0
5,2010,Chhattisgarh,Raigarh,435.05,598.26,1375.15,3.4,5.5,1617.65,0.0,0.0,0.0
5,2011,Chhattisgarh,Raigarh,421.32,602.66,1430.41,3.63,6.27,1727.27,0.0,0.0,0.0
5,2012,Chhattisgarh,Raigarh,422.65,641.28,1517.28,3.44,6.08,1767.44,0.0,0.0,0.0
5,2013,Chhattisgarh,Raigarh,418.44,580.76,1387.92,6.67,11.5,1724.14,0.0,0.0,0.0
5,2014,Chhattisgarh,Raigarh,408.9,657.79,1608.68,3.62,7.5,2071.82,0.0,0.0,0.0
5,2015,Chhattisgarh,Raigarh,409.45,414.89,1013.29,3.56,6.15,1727.53,0.0,0.0,0.0
5,2016,Chhattisgarh,Raigarh,424.24,763.72,1800.23,3.87,7.12,1840.7,0.0,0.0,0.0
5,2017,Chhattisgarh,Raigarh,411.12,623.29,1516.07,3.91,6.76,1728.83,0.0,0.0,0.0
6,2010,Chhattisgarh,Surguja,371.28,399.46,1075.9,23.98,27.45,1144.7,0.0,0.0,0.0
6,2011,Chhattisgarh,Surguja,377.14,530.08,1405.53,25.29,32.02,1266.11,0.01,0.0,0.0
6,2012,Chhattisgarh,Surguja,373.71,610.07,1632.47,25.21,41.92,1662.83,0.01,0.0,0.0
6,2013,Chhattisgarh,Surguja,371.71,633.47,1704.2,26.77,41.33,1543.89,0.0,0.0,0.0
6,2014,Chhattisgarh,Surguja,381.43,687.04,1801.22,26.02,43.61,1676.02,0.01,0.0,0.0
6,2015,Chhattisgarh,Surguja,369.32,440.9,1193.82,23.87,33.51,1403.85,0.0,0.0,0.0
6,2016,Chhattisgarh,Surguja,376.38,652.25,1732.96,23.63,37.56,1589.23,0.0,0.0,0.0
6,2017,Chhattisgarh,Surguja,377.07,524.07,1389.84,23.18,37.09,1599.85,0.0,0.0,0.0
7,2010,Madhya Pradesh,Jabalpur,151.1,155.0,1025.81,162.7,339.5,2086.66,0.0,0.0,0.0
7,2011,Madhya Pradesh,Jabalpur,157.6,204.5,1297.59,166.0,381.6,2298.8,0.0,0.0,0.0
7,2012,Madhya Pradesh,Jabalpur,182.13,292.91,1608.25,201.13,559.1,2779.79,0.0,0.0,0.0
7,2013,Madhya Pradesh,Jabalpur,188.69,364.36,1931.0,218.66,546.79,2500.64,0.0,0.0,0.0
7,2014,Madhya Pradesh,Jabalpur,179.0,228.0,1273.74,227.0,598.0,2634.36,0.0,0.0,0.0
7,2015,Madhya Pradesh,Jabalpur,169.0,189.33,1120.3,202.0,623.0,3084.16,0.0,0.0,0.0
7,2016,Madhya Pradesh,Jabalpur,225.0,652.66,2900.71,237.0,827.0,3489.45,0.0,0.0,0.0
7,2017,Madhya Pradesh,Jabalpur,210.2,526.17,2503.19,300.7,1037.13,3449.05,0.0,0.0,0.0
8,2010,Madhya Pradesh,Balaghat,247.9,353.0,1423.96,15.1,22.9,1516.56,0.0,0.0,0.0
8,2011,Madhya Pradesh,Balaghat,246.7,336.2,1362.79,22.7,29.8,1312.78,0.0,0.0,0.0
8,2012,Madhya Pradesh,Balaghat,260.77,486.46,1865.48,18.32,23.72,1294.76,0.0,0.0,0.0
8,2013,Madhya Pradesh,Balaghat,258.65,434.08,1678.25,17.52,22.85,1304.22,0.0,0.0,0.0
8,2014,Madhya Pradesh,Balaghat,245.0,449.33,1834.0,38.0,56.0,1473.68,0.0,0.0,0.0
8,2015,Madhya Pradesh,Balaghat,266.0,445.33,1674.17,20.0,27.0,1350.0,0.0,0.0,0.0
8,2016,Madhya Pradesh,Balaghat,272.0,675.33,2482.83,35.0,64.0,1828.57,0.0,0.0,0.0
8,2017,Madhya Pradesh,Balaghat,220.21,395.48,1795.92,55.56,138.12,2485.96,0.0,0.0,0.0
9,2010,Madhya Pradesh,Chhindwara,18.3,30.2,1650.27,114.5,388.9,3396.51,28.34,45.23,1595.94
9,2011,Madhya Pradesh,Chhindwara,20.2,43.0,2128.71,122.1,278.84,2283.7,27.68,31.93,1153.65
9,2012,Madhya Pradesh,Chhindwara,13.94,38.37,2752.51,138.57,438.74,3166.2,33.77,6.6,195.44
9,2013,Madhya Pradesh,Chhindwara,13.81,28.05,2031.14,146.14,332.52,2275.35,34.09,6.88,201.82
9,2014,Madhya Pradesh,Chhindwara,20.0,48.0,2400.0,155.0,455.0,2935.48,15.0,1.8,120.0
9,2015,Madhya Pradesh,Chhindwara,31.0,54.0,1741.94,165.0,636.0,3854.55,44.0,1.8,40.91
9,2016,Madhya Pradesh,Chhindwara,35.0,53.33,1523.71,179.0,578.0,3229.05,45.0,8.64,192.0
9,2017,Madhya Pradesh,Chhindwara,34.01,42.06,1236.7,181.0,619.2,3420.99,47.6,9.6,201.78
10,2010,Madhya Pradesh,Narsinghpur,12.5,19.5,1560.0,68.8,226.9,3297.96,0.0,0.0,0.0
10,2011,Madhya Pradesh,Narsinghpur,12.0,21.5,1791.67,63.6,253.2,3981.13,0.0,0.0,0.0
10,2012,Madhya Pradesh,Narsinghpur,12.91,17.21,1333.08,82.0,240.82,2936.83,0.0,0.0,0.0
10,2013,Madhya Pradesh,Narsinghpur,18.36,24.99,1361.11,93.17,198.02,2125.36,0.0,0.0,0.0
10,2014,Madhya Pradesh,Narsinghpur,18.0,25.33,1407.22,94.0,305.0,3244.68,0.0,0.0,0.0
10,2015,Madhya Pradesh,Narsinghpur,34.0,89.33,2627.35,95.0,388.0,4084.21,0.0,0.0,0.0
10,2016,Madhya Pradesh,Narsinghpur,55.0,154.66,2812.0,100.0,404.0,4040.0,0.0,0.0,0.0
10,2017,Madhya Pradesh,Narsinghpur,39.1,181.3,4636.83,92.0,320.71,3485.98,0.0,0.0,0.0
11,2010,Madhya Pradesh,Seoni / Shivani,116.3,153.9,1323.3,111.7,102.1,914.06,0.0,0.0,0.0
11,2011,Madhya Pradesh,Seoni / Shivani,121.2,176.4,1455.45,115.6,127.5,1102.94,0.0,0.0,0.0
11,2012,Madhya Pradesh,Seoni / Shivani,136.55,281.01,2057.93,132.11,374.26,2832.94,0.0,0.0,0.0
11,2013,Madhya Pradesh,Seoni / Shivani,150.24,440.99,2935.24,153.28,346.04,2257.57,0.0,0.0,0.0
11,2014,Madhya Pradesh,Seoni / Shivani,139.0,199.33,1434.03,99.0,286.0,2888.89,0.0,0.0,0.0
11,2015,Madhya Pradesh,Seoni / Shivani,169.0,238.67,1412.25,115.0,277.0,2408.7,1.0,0.0,0.0
11,2016,Madhya Pradesh,Seoni / Shivani,182.0,450.0,2472.53,151.0,445.0,2947.02,0.0,0.0,0.0
11,2017,Madhya Pradesh,Seoni / Shivani,133.13,319.98,2403.52,200.72,523.88,2610.0,0.0,0.0,0.0
12,2010,Madhya Pradesh,Mandla,191.1,157.5,824.18,45.2,32.7,723.45,0.0,0.0,0.0
12,2011,Madhya Pradesh,Mandla,198.7,201.8,1015.6,68.0,51.3,754.41,0.0,0.0,0.0
12,2012,Madhya Pradesh,Mandla,210.44,212.69,1010.69,71.01,115.32,1624.0,0.0,0.0,0.0
12,2013,Madhya Pradesh,Mandla,212.68,242.15,1138.56,74.83,127.02,1697.45,0.0,0.0,0.0
12,2014,Madhya Pradesh,Mandla,209.0,274.0,1311.0,143.0,198.0,1384.62,0.0,0.0,0.0
12,2015,Madhya Pradesh,Mandla,215.0,365.33,1699.21,90.0,173.0,1922.22,0.0,0.0,0.0
12,2016,Madhya Pradesh,Mandla,227.0,440.66,1941.23,98.0,270.0,2755.1,0.0,0.0,0.0
12,2017,Madhya Pradesh,Mandla,215.1,689.45,3205.25,90.0,228.0,2533.33,0.0,0.0,0.0
13,2010,Madhya Pradesh,Sagar,6.0,4.5,750.0,172.5,186.5,1081.16,0.0,0.0,0.0
13,2011,Madhya Pradesh,Sagar,3.4,2.7,794.12,199.8,295.1,1476.98,0.0,0.0,0.0
13,2012,Madhya Pradesh,Sagar,5.26,3.33,633.08,213.45,449.7,2106.82,0.0,0.0,0.0
13,2013,Madhya Pradesh,Sagar,4.78,2.09,437.24,228.79,425.35,1859.13,0.0,0.0,0.0
13,2014,Madhya Pradesh,Sagar,5.0,5.33,1066.0,185.0,394.0,2129.73,0.0,0.0,0.0
13,2015,Madhya Pradesh,Sagar,7.0,2.0,285.71,158.0,346.0,2189.87,0.0,0.0,0.0
13,2016,Madhya Pradesh,Sagar,6.0,6.0,1000.0,202.0,557.0,2757.43,0.0,0.0,0.0
13,2017,Madhya Pradesh,Sagar,5.06,5.69,1124.51,278.0,893.21,3212.99,0.0,0.0,0.0
14,2010,Madhya Pradesh,Damoh,50.2,51.9,1033.86,71.8,171.4,2387.19,0.0,0.0,0.0
14,2011,Madhya Pradesh,Damoh,55.8,59.5,1066.31,79.9,197.0,2465.58,0.0,0.0,0.0
14,2012,Madhya Pradesh,Damoh,56.3,55.93,993.43,82.43,167.97,2037.73,0.0,0.0,0.0
14,2013,Madhya Pradesh,Damoh,55.63,62.31,1120.08,88.62,164.34,1854.43,0.0,0.0,0.0
14,2014,Madhya Pradesh,Damoh,66.0,70.67,1070.76,93.0,201.0,2161.29,0.0,0.0,0.0
14,2015,Madhya Pradesh,Damoh,73.0,82.67,1132.47,80.0,161.0,2012.5,0.0,0.0,0.0
14,2016,Madhya Pradesh,Damoh,80.0,150.0,1875.0,95.0,333.0,3505.26,0.0,0.0,0.0
14,2017,Madhya Pradesh,Damoh,75.73,126.22,1666.71,81.6,285.6,3500.0,0.0,0.0,0.0
15,2010,Madhya Pradesh,Tikamgarh,12.0,5.4,450.0,78.0,99.0,1269.23,0.0,0.0,0.0
15,2011,Madhya Pradesh,Tikamgarh,11.7,8.5,726.5,113.2,241.5,2133.39,0.0,0.0,0.0
15,2012,Madhya Pradesh,Tikamgarh,11.77,5.6,475.79,146.73,376.24,2564.17,0.0,0.0,0.0
15,2013,Madhya Pradesh,Tikamgarh,11.41,4.01,351.45,158.64,321.52,2026.73,0.0,0.0,0.0
15,2014,Madhya Pradesh,Tikamgarh,13.0,5.33,410.0,117.0,288.0,2461.54,0.0,0.0,0.0
15,2015,Madhya Pradesh,Tikamgarh,6.0,0.67,111.67,94.0,180.0,1914.89,0.0,0.0,0.0
15,2016,Madhya Pradesh,Tikamgarh,6.0,6.0,1000.0,150.0,421.0,2806.67,0.0,0.0,0.0
15,2017,Madhya Pradesh,Tikamgarh,4.56,1.64,359.65,97.19,243.07,2500.98,0.0,0.0,0.0
16,2010,Madhya Pradesh,Chhatarpur,8.9,5.5,617.98,140.2,169.1,1206.13,0.0,0.0,0.0
16,2011,Madhya Pradesh,Chhatarpur,9.1,7.9,868.13,130.5,199.5,1528.74,0.0,0.0,0.0
16,2012,Madhya Pradesh,Chhatarpur,5.79,2.17,374.78,176.28,436.15,2474.19,0.0,0.0,0.0
16,2013,Madhya Pradesh,Chhatarpur,5.37,4.75,884.54,192.59,434.62,2256.71,0.0,0.0,0.0
16,2014,Madhya Pradesh,Chhatarpur,10.0,8.67,867.0,121.0,267.0,2206.61,0.0,0.0,0.0
16,2015,Madhya Pradesh,Chhatarpur,8.0,2.67,333.75,88.0,161.0,1829.55,0.0,0.0,0.0
16,2016,Madhya Pradesh,Chhatarpur,8.0,8.66,1082.5,209.0,596.0,2851.67,0.0,0.0,0.0
16,2017,Madhya Pradesh,Chhatarpur,6.33,2.98,470.77,175.31,424.07,2418.97,0.0,0.0,0.0
17,2010,Madhya Pradesh,Panna,53.7,51.6,960.89,62.8,89.1,1418.79,0.0,0.0,0.0
17,2011,Madhya Pradesh,Panna,61.3,61.0,995.11,67.0,103.7,1547.76,0.0,0.0,0.0
17,2012,Madhya Pradesh,Panna,63.64,64.91,1019.96,82.54,156.45,1895.44,0.0,0.0,0.0
17,2013,Madhya Pradesh,Panna,80.65,91.51,1134.66,85.23,151.52,1777.78,0.0,0.0,0.0
17,2014,Madhya Pradesh,Panna,56.0,76.67,1369.11,63.0,123.0,1952.38,0.0,0.0,0.0
17,2015,Madhya Pradesh,Panna,55.0,17.33,315.09,45.0,79.0,1755.56,0.0,0.0,0.0
17,2016,Madhya Pradesh,Panna,69.0,179.33,2598.99,77.0,236.0,3064.94,0.0,0.0,0.0
17,2017,Madhya Pradesh,Panna,58.4,140.2,2400.68,77.79,210.5,2706.0,0.0,0.0,0.0
18,2010,Madhya Pradesh,Rewa,102.1,67.5,661.12,134.4,111.3,828.13,0.0,0.0,0.0
18,2011,Madhya Pradesh,Rewa,120.4,141.8,1177.74,166.2,215.4,1296.03,0.0,0.0,0.0
18,2012,Madhya Pradesh,Rewa,123.51,199.65,1616.47,156.88,383.75,2446.14,0.0,0.0,0.0
18,2013,Madhya Pradesh,Rewa,119.62,214.11,1789.92,154.21,318.56,2065.75,0.0,0.0,0.0
18,2014,Madhya Pradesh,Rewa,136.0,246.0,1808.82,199.0,683.0,3432.16,0.0,0.0,0.0
18,2015,Madhya Pradesh,Rewa,121.0,114.67,947.69,189.0,398.0,2105.82,0.0,0.0,0.0
18,2016,Madhya Pradesh,Rewa,126.0,352.0,2793.65,195.0,560.0,2871.79,0.0,0.0,0.0
18,2017,Madhya Pradesh,Rewa,121.3,625.9,5159.93,173.6,499.97,2880.01,0.0,0.0,0.0
19,2010,Madhya Pradesh,Sidhi,102.5,91.3,890.73,84.6,73.2,865.25,0.0,0.0,0.0
19,2011,Madhya Pradesh,Sidhi,87.8,84.5,962.41,110.3,128.3,1163.19,0.0,0.0,0.0
19,2012,Madhya Pradesh,Sidhi,115.75,238.24,2058.23,90.66,198.24,2186.63,0.0,0.0,0.0
19,2013,Madhya Pradesh,Sidhi,116.25,172.7,1485.59,93.77,212.23,2263.3,0.0,0.0,0.0
19,2014,Madhya Pradesh,Sidhi,100.0,126.0,1260.0,136.0,310.0,2279.41,0.0,0.0,0.0
19,2015,Madhya Pradesh,Sidhi,118.0,137.33,1163.81,109.0,231.0,2119.27,0.0,0.0,0.0
19,2016,Madhya Pradesh,Sidhi,118.0,348.0,2949.15,118.0,327.0,2771.19,0.0,0.0,0.0
19,2017,Madhya Pradesh,Sidhi,113.95,233.5,2049.14,101.8,266.16,2614.54,0.0,0.0,0.0
20,2010,Madhya Pradesh,Satna,71.7,74.3,1036.26,125.4,119.1,949.76,0.0,0.0,0.0
20,2011,Madhya Pradesh,Satna,82.4,135.9,1649.27,135.2,202.2,1495.56,0.0,0.0,0.0
20,2012,Madhya Pradesh,Satna,85.38,197.67,2315.18,142.46,448.59,3148.88,0.0,0.0,0.0
20,2013,Madhya Pradesh,Satna,82.07,188.56,2297.55,146.54,479.99,3275.49,0.0,0.0,0.0
20,2014,Madhya Pradesh,Satna,104.0,201.33,1935.87,169.0,593.0,3508.88,0.0,0.0,0.0
20,2015,Madhya Pradesh,Satna,104.0,238.0,2288.46,132.0,390.0,2954.55,0.0,0.0,0.0
20,2016,Madhya Pradesh,Satna,120.0,393.33,3277.75,171.0,617.0,3608.19,0.0,0.0,0.0
20,2017,Madhya Pradesh,Satna,132.0,324.8,2460.61,156.8,538.45,3433.99,0.0,0.0,0.0
21,2010,Madhya Pradesh,Shahdol,236.6,227.1,959.85,61.6,44.0,714.29,0.0,0.0,0.0
21,2011,Madhya Pradesh,Shahdol,258.6,353.7,1367.75,86.6,79.3,915.7,0.02,0.01,423.53
21,2012,Madhya Pradesh,Shahdol,257.73,383.9,1489.54,70.27,146.8,2089.08,0.0,0.0,0.0
21,2013,Madhya Pradesh,Shahdol,257.18,484.88,1885.37,91.66,208.67,2276.57,0.0,0.0,0.0
21,2014,Madhya Pradesh,Shahdol,269.0,510.67,1898.4,118.0,220.0,1864.41,0.0,0.0,0.0
21,2015,Madhya Pradesh,Shahdol,229.0,378.0,1650.66,65.0,127.0,1953.85,0.0,0.0,0.0
21,2016,Madhya Pradesh,Shahdol,276.0,583.32,2113.48,106.0,203.0,1915.09,0.0,0.0,0.0
21,2017,Madhya Pradesh,Shahdol,240.33,389.9,1622.35,87.27,222.87,2553.8,0.0,0.0,0.0
22,2010,Madhya Pradesh,Gwalior,24.5,64.0,2612.24,93.8,254.0,2707.89,0.0,0.0,0.0
22,2011,Madhya Pradesh,Gwalior,34.7,111.2,3204.61,112.2,346.8,3090.91,0.0,0.0,0.0
22,2012,Madhya Pradesh,Gwalior,49.16,89.43,1819.16,115.4,420.86,3646.97,0.0,0.0,0.0
22,2013,Madhya Pradesh,Gwalior,57.51,135.09,2348.98,119.29,363.64,3048.37,0.0,0.0,0.0
22,2014,Madhya Pradesh,Gwalior,49.0,111.33,2272.04,104.0,335.0,3221.15,0.0,0.0,0.0
22,2015,Madhya Pradesh,Gwalior,53.0,150.0,2830.19,136.0,515.0,3786.76,0.0,0.0,0.0
22,2016,Madhya Pradesh,Gwalior,58.0,95.33,1643.62,146.0,586.0,4013.7,0.0,0.0,0.0
22,2017,Madhya Pradesh,Gwalior,9.11,26.29,2885.84,65.0,247.26,3804.0,0.0,0.0,0.0
23,2010,Madhya Pradesh,Shivpuri,8.3,13.2,1590.36,147.1,298.1,2026.51,0.02,0.0,231.43
23,2011,Madhya Pradesh,Shivpuri,9.0,14.2,1577.78,113.9,247.8,2175.59,0.14,0.06,403.75
23,2012,Madhya Pradesh,Shivpuri,13.4,19.88,1483.58,201.93,664.13,3288.91,0.11,0.03,272.73
23,2013,Madhya Pradesh,Shivpuri,14.63,17.06,1166.1,195.61,527.47,2696.54,0.0,0.0,0.0
23,2014,Madhya Pradesh,Shivpuri,14.0,17.33,1237.86,145.0,456.0,3144.83,0.0,0.0,0.0
23,2015,Madhya Pradesh,Shivpuri,11.0,27.33,2484.55,158.0,428.0,2708.86,0.0,0.0,0.0
23,2016,Madhya Pradesh,Shivpuri,14.0,39.33,2809.29,170.0,528.0,3105.88,0.0,0.0,0.0
23,2017,Madhya Pradesh,Shivpuri,4.4,10.8,2454.55,76.9,217.09,2823.02,0.0,0.0,0.0
24,2010,Madhya Pradesh,Guna,1.3,1.3,1000.0,199.2,380.9,1912.15,0.0,0.0,0.0
24,2011,Madhya Pradesh,Guna,1.4,1.6,1142.86,229.3,476.3,2077.19,0.03,0.01,202.5
24,2012,Madhya Pradesh,Guna,1.87,4.52,2417.11,239.56,751.74,3138.0,0.0,0.0,0.0
24,2013,Madhya Pradesh,Guna,1.92,3.17,1651.04,260.43,769.02,2952.89,0.0,0.0,0.0
24,2014,Madhya Pradesh,Guna,3.0,6.66,2220.0,269.0,824.0,3063.2,5.0,0.54,108.0
24,2015,Madhya Pradesh,Guna,4.0,6.0,1500.0,304.0,931.0,3062.5,0.0,0.0,0.0
24,2016,Madhya Pradesh,Guna,0.0,0.0,0.0,295.0,914.0,3098.31,0.0,0.0,0.0
24,2017,Madhya Pradesh,Guna,5.71,9.11,1595.45,255.81,886.02,3463.59,0.0,0.0,0.0
25,2010,Madhya Pradesh,Datia,5.7,7.1,1245.61,130.3,260.2,1996.93,0.0,0.0,0.0
25,2011,Madhya Pradesh,Datia,5.0,6.2,1240.0,123.9,346.1,2793.38,0.0,0.0,0.0
25,2012,Madhya Pradesh,Datia,8.08,16.53,2045.79,136.96,408.54,2982.91,0.0,0.0,0.0
25,2013,Madhya Pradesh,Datia,12.14,13.9,1144.98,136.12,408.33,2999.78,0.0,0.0,0.0
25,2014,Madhya Pradesh,Datia,30.0,29.33,977.67,166.0,437.0,2632.53,0.0,0.0,0.0
25,2015,Madhya Pradesh,Datia,14.0,24.0,1714.29,179.0,531.0,2966.48,0.0,0.0,0.0
25,2016,Madhya Pradesh,Datia,17.0,36.66,2156.47,146.0,494.0,3383.56,0.0,0.0,0.0
25,2017,Madhya Pradesh,Datia,16.6,30.18,1818.07,120.8,399.0,3302.98,0.0,0.0,0.0
26,2010,Madhya Pradesh,Morena,9.7,28.8,2969.07,165.7,395.3,2385.64,0.01,0.0,154.29
26,2011,Madhya Pradesh,Morena,15.1,44.9,2973.51,155.3,413.9,2665.16,0.37,0.09,229.22
26,2012,Madhya Pradesh,Morena,13.71,50.67,3695.84,181.39,736.65,4061.14,0.62,0.14,225.81
26,2013,Madhya Pradesh,Morena,16.11,58.64,3639.98,191.33,709.09,3706.11,0.25,0.06,240.0
26,2014,Madhya Pradesh,Morena,20.0,46.0,2300.0,207.0,680.0,3285.02,5.0,0.54,108.0
26,2015,Madhya Pradesh,Morena,20.0,70.0,3500.0,181.0,774.0,4276.24,0.0,0.0,0.0
26,2016,Madhya Pradesh,Morena,19.0,46.66,2455.79,202.0,807.0,3995.05,0.0,0.0,0.0
26,2017,Madhya Pradesh,Morena,21.4,60.1,2808.41,183.0,752.79,4113.61,0.0,0.0,0.0
27,2010,Madhya Pradesh,Bhind,5.6,15.3,2732.14,89.9,185.2,2060.07,0.0,0.0,0.0
27,2011,Madhya Pradesh,Bhind,0.4,1.3,3250.0,77.7,163.3,2101.67,0.0,0.0,0.0
27,2012,Madhya Pradesh,Bhind,4.62,12.47,2699.13,94.92,358.42,3776.02,0.0,0.0,0.0
27,2013,Madhya Pradesh,Bhind,4.8,20.81,4335.42,104.18,370.23,3553.75,0.0,0.0,0.0
27,2014,Madhya Pradesh,Bhind,6.0,20.67,3445.0,139.0,552.0,3971.22,0.0,0.0,0.0
27,2015,Madhya Pradesh,Bhind,6.0,27.33,4555.0,134.0,511.0,3813.43,0.0,0.0,0.0
27,2016,Madhya Pradesh,Bhind,7.0,15.33,2190.0,145.0,582.0,4013.79,0.0,0.0,0.0
27,2017,Madhya Pradesh,Bhind,3.0,5.76,1920.0,110.4,466.11,4222.01,0.0,0.0,0.0
28,2010,Madhya Pradesh,Indore,0.0,0.0,0.0,107.9,271.3,2514.37,0.0,0.0,0.0
28,2011,Madhya Pradesh,Indore,0.0,0.0,0.0,105.9,252.7,2386.21,0.0,0.0,0.0
28,2012,Madhya Pradesh,Indore,0.0,0.0,0.0,118.43,582.82,4921.22,0.0,0.0,0.0
28,2013,Madhya Pradesh,Indore,0.01,0.0,0.0,115.88,347.11,2995.43,0.04,0.01,250.0
28,2014,Madhya Pradesh,Indore,0.0,0.0,0.0,122.0,490.0,4016.39,5.0,0.54,108.0
28,2015,Madhya Pradesh,Indore,0.0,0.0,0.0,124.0,548.0,4419.35,0.0,0.0,0.0
28,2016,Madhya Pradesh,Indore,0.0,0.0,0.0,130.0,560.0,4307.69,0.0,0.0,0.0
28,2017,Madhya Pradesh,Indore,0.45,1.02,2266.67,110.4,465.12,4213.04,0.4,0.08,198.0
29,2010,Madhya Pradesh,Ratlam,1.7,1.3,764.71,68.7,276.8,4029.11,25.76,8.28,321.26
29,2011,Madhya Pradesh,Ratlam,1.9,1.8,947.37,75.0,309.4,4125.33,23.38,12.03,514.6
29,2012,Madhya Pradesh,Ratlam,1.36,1.55,1139.71,103.54,306.44,2959.63,22.89,10.97,479.25
29,2013,Madhya Pradesh,Ratlam,1.29,1.55,1201.55,123.11,327.38,2659.25,20.93,7.44,355.47
29,2014,Madhya Pradesh,Ratlam,0.0,0.0,0.0,91.0,262.0,2879.12,11.0,2.34,212.73
29,2015,Madhya Pradesh,Ratlam,0.0,0.0,0.0,105.0,357.0,3400.0,23.0,2.34,101.74
29,2016,Madhya Pradesh,Ratlam,1.0,0.66,660.0,109.0,369.0,3385.32,28.0,5.76,205.71
29,2017,Madhya Pradesh,Ratlam,0.0,0.0,0.0,110.4,395.23,3579.98,29.4,8.42,286.53
30,2010,Madhya Pradesh,Ujjain,0.0,0.0,0.0,135.1,237.8,1760.18,0.0,0.0,144.0
30,2011,Madhya Pradesh,Ujjain,0.0,0.0,0.0,140.6,375.0,2667.14,0.0,0.0,240.0
30,2012,Madhya Pradesh,Ujjain,0.0,0.0,0.0,204.84,622.91,3040.96,0.0,0.0,0.0
30,2013,Madhya Pradesh,Ujjain,0.0,0.0,0.0,276.23,791.38,2864.93,0.0,0.0,0.0
30,2014,Madhya Pradesh,Ujjain,0.0,0.0,0.0,190.0,586.0,3084.21,0.0,0.0,0.0
30,2015,Madhya Pradesh,Ujjain,0.0,0.0,0.0,252.0,881.0,3496.03,0.0,0.0,0.0
30,2016,Madhya Pradesh,Ujjain,0.0,0.0,0.0,271.0,1029.0,3797.05,0.0,0.0,0.0
30,2017,Madhya Pradesh,Ujjain,0.2,0.38,1900.0,220.6,935.79,4242.02,0.0,0.0,0.0
31,2010,Madhya Pradesh,Mandsaur,0.0,0.0,0.0,95.9,214.8,2239.83,0.36,0.05,130.82
31,2011,Madhya Pradesh,Mandsaur,0.0,0.0,0.0,110.1,330.8,3004.54,0.66,0.13,196.49
31,2012,Madhya Pradesh,Mandsaur,0.04,0.02,500.0,129.07,521.77,4042.53,0.58,0.13,224.14
31,2013,Madhya Pradesh,Mandsaur,0.04,0.01,250.0,167.33,675.51,4036.99,0.46,0.14,304.35
31,2014,Madhya Pradesh,Mandsaur,0.0,0.0,0.0,153.0,566.0,3699.35,10.0,1.44,144.0
31,2015,Madhya Pradesh,Mandsaur,0.0,0.0,0.0,147.0,525.0,3571.43,0.0,0.0,0.0
31,2016,Madhya Pradesh,Mandsaur,0.0,0.0,0.0,147.0,582.0,3959.18,0.0,0.0,0.0
31,2017,Madhya Pradesh,Mandsaur,0.8,1.76,2200.0,125.7,520.38,4139.86,0.34,0.09,264.71
32,2010,Madhya Pradesh,Dewas,0.2,0.2,1000.0,137.3,247.5,1802.62,21.5,5.27,245.31
32,2011,Madhya Pradesh,Dewas,0.2,0.2,1000.0,140.0,375.0,2678.57,20.01,7.8,390.07
32,2012,Madhya Pradesh,Dewas,0.14,0.12,857.14,169.54,550.85,3249.09,7.65,3.58,467.97
32,2013,Madhya Pradesh,Dewas,0.11,0.08,727.27,192.24,442.05,2299.47,6.63,2.33,351.43
32,2014,Madhya Pradesh,Dewas,1.0,0.67,670.0,148.0,494.0,3337.84,8.0,1.44,180.0
32,2015,Madhya Pradesh,Dewas,0.0,0.0,0.0,188.0,770.0,4095.74,9.0,1.44,160.0
32,2016,Madhya Pradesh,Dewas,0.0,0.0,0.0,176.0,650.0,3693.18,11.0,1.08,98.18
32,2017,Madhya Pradesh,Dewas,0.1,0.07,730.0,170.96,700.94,4100.02,6.0,1.57,261.0
33,2010,Madhya Pradesh,Dhar,1.2,0.9,750.0,193.0,453.5,2349.74,106.36,21.91,205.98
33,2011,Madhya Pradesh,Dhar,1.3,1.1,846.15,155.4,379.5,2442.09,102.21,32.87,321.55
33,2012,Madhya Pradesh,Dhar,0.76,0.66,868.42,166.59,548.04,3289.75,98.38,39.25,398.96
33,2013,Madhya Pradesh,Dhar,0.66,0.5,757.58,205.4,513.61,2500.54,96.41,42.31,438.85
33,2014,Madhya Pradesh,Dhar,1.0,0.67,670.0,189.0,745.0,3941.8,108.0,14.4,133.33
33,2015,Madhya Pradesh,Dhar,0.0,0.0,0.0,210.0,631.0,3004.76,92.0,13.5,146.74
33,2016,Madhya Pradesh,Dhar,0.0,0.0,0.0,225.0,751.0,3337.78,101.0,19.98,197.82
33,2017,Madhya Pradesh,Dhar,0.73,1.05,1442.47,198.87,692.66,3482.98,98.0,35.28,360.0
34,2010,Madhya Pradesh,Jhabua,19.9,13.6,683.42,43.1,80.2,1860.79,27.98,2.98,106.64
34,2011,Madhya Pradesh,Jhabua,20.9,14.8,708.13,47.3,96.4,2038.05,28.38,5.94,209.47
34,2012,Madhya Pradesh,Jhabua,18.98,9.64,507.9,56.63,161.59,2853.43,29.22,6.37,218.0
34,2013,Madhya Pradesh,Jhabua,18.82,24.32,1292.24,65.04,176.31,2710.79,28.72,14.24,495.82
34,2014,Madhya Pradesh,Jhabua,16.0,11.34,708.75,74.0,225.0,3040.54,48.0,8.1,168.75
34,2015,Madhya Pradesh,Jhabua,15.0,11.33,755.33,57.0,175.0,3070.18,35.0,7.56,216.0
34,2016,Madhya Pradesh,Jhabua,17.0,19.99,1175.88,70.0,213.0,3042.86,33.0,9.54,289.09
34,2017,Madhya Pradesh,Jhabua,13.63,16.77,1230.37,85.0,236.27,2779.65,34.0,6.18,181.85
35,2010,Madhya Pradesh,Khargone / West Nimar,4.3,3.3,767.44,130.1,359.7,2764.8,260.87,80.36,308.07
35,2011,Madhya Pradesh,Khargone / West Nimar,3.6,2.9,805.56,118.7,454.9,3832.35,299.08,88.36,295.43
35,2012,Madhya Pradesh,Khargone / West Nimar,3.09,2.47,799.35,136.79,395.79,2893.41,291.43,111.66,383.15
35,2013,Madhya Pradesh,Khargone / West Nimar,2.83,1.21,427.56,173.05,446.29,2578.97,286.09,102.26,357.44
35,2014,Madhya Pradesh,Khargone / West Nimar,2.0,4.0,2000.0,251.0,798.0,3179.28,273.0,70.92,259.78
35,2015,Madhya Pradesh,Khargone / West Nimar,2.0,0.67,335.0,187.0,625.0,3342.25,262.0,68.22,260.38
35,2016,Madhya Pradesh,Khargone / West Nimar,1.0,0.66,660.0,194.0,779.0,4015.46,277.0,92.52,334.01
35,2017,Madhya Pradesh,Khargone / West Nimar,1.76,1.94,1100.0,185.6,693.83,3738.31,282.0,79.78,282.93
36,2010,Madhya Pradesh,Khandwa / East Nimar,8.6,11.7,1360.47,93.2,179.6,1927.04,114.58,17.06,148.86
36,2011,Madhya Pradesh,Khandwa / East Nimar,7.6,9.4,1236.84,97.3,242.8,2495.38,114.48,28.28,247.05
36,2012,Madhya Pradesh,Khandwa / East Nimar,5.1,7.73,1515.69,116.57,394.81,3386.89,108.44,30.37,280.06
36,2013,Madhya Pradesh,Khandwa / East Nimar,4.88,3.92,803.28,128.37,282.86,2203.47,99.88,44.84,448.94
36,2014,Madhya Pradesh,Khandwa / East Nimar,8.0,10.0,1250.0,62.0,187.0,3016.13,133.0,28.26,212.48
36,2015,Madhya Pradesh,Khandwa / East Nimar,7.0,3.33,475.71,129.0,308.0,2387.6,96.0,28.26,294.38
36,2016,Madhya Pradesh,Khandwa / East Nimar,8.0,7.33,916.25,144.0,560.0,3888.89,105.0,32.94,313.71
36,2017,Madhya Pradesh,Khandwa / East Nimar,5.89,3.38,573.85,163.5,607.73,3717.0,105.1,30.45,289.75
37,2010,Madhya Pradesh,Sehore,6.6,7.2,1090.91,279.5,454.7,1626.83,0.07,0.01,128.18
37,2011,Madhya Pradesh,Sehore,13.1,22.1,1687.02,304.2,971.0,3191.98,0.04,0.01,231.43
37,2012,Madhya Pradesh,Sehore,17.98,45.87,2551.17,319.81,751.75,2350.61,0.0,0.0,0.0
37,2013,Madhya Pradesh,Sehore,20.18,61.92,3068.38,330.36,861.16,2606.73,0.0,0.0,0.0
37,2014,Madhya Pradesh,Sehore,46.0,147.33,3202.83,326.0,1080.0,3312.88,0.0,0.0,0.0
37,2015,Madhya Pradesh,Sehore,33.0,116.67,3535.45,330.0,1148.0,3478.79,0.0,0.0,0.0
37,2016,Madhya Pradesh,Sehore,24.0,94.67,3944.58,337.0,1148.0,3406.53,0.0,0.0,0.0
37,2017,Madhya Pradesh,Sehore,36.45,71.99,1975.03,278.4,932.95,3351.11,0.0,0.0,0.0
38,2010,Madhya Pradesh,Raisen,26.2,33.2,1267.18,182.3,278.4,1527.15,0.0,0.0,0.0
38,2011,Madhya Pradesh,Raisen,21.5,30.7,1427.91,214.7,622.0,2897.07,0.0,0.0,0.0
38,2012,Madhya Pradesh,Raisen,35.34,45.38,1284.1,232.57,788.55,3390.59,0.03,0.0,0.0
38,2013,Madhya Pradesh,Raisen,62.69,54.14,863.61,241.87,517.1,2137.93,0.0,0.0,0.0
38,2014,Madhya Pradesh,Raisen,137.0,342.67,2501.24,270.0,917.0,3396.3,0.0,0.0,0.0
38,2015,Madhya Pradesh,Raisen,99.0,226.67,2289.6,244.0,770.0,3155.74,0.0,0.0,0.0
38,2016,Madhya Pradesh,Raisen,135.0,304.66,2256.74,236.0,771.0,3266.95,0.0,0.0,0.0
38,2017,Madhya Pradesh,Raisen,112.0,236.84,2114.64,197.6,647.73,3277.99,0.0,0.0,0.0
39,2010,Madhya Pradesh,Vidisha,0.4,0.4,1000.0,206.9,341.6,1651.04,0.0,0.0,0.0
39,2011,Madhya Pradesh,Vidisha,0.4,0.4,1000.0,206.2,402.1,1950.05,0.0,0.0,0.0
39,2012,Madhya Pradesh,Vidisha,0.27,0.27,1000.0,254.41,446.26,1754.1,0.0,0.0,0.0
39,2013,Madhya Pradesh,Vidisha,1.5,0.84,560.0,261.28,544.73,2084.85,0.0,0.0,0.0
39,2014,Madhya Pradesh,Vidisha,4.0,3.33,832.5,284.0,775.0,2728.87,0.0,0.0,0.0
39,2015,Madhya Pradesh,Vidisha,3.0,4.0,1333.33,306.0,730.0,2385.62,0.0,0.0,0.0
39,2016,Madhya Pradesh,Vidisha,3.0,4.0,1333.33,281.0,832.0,2960.85,0.0,0.0,0.0
39,2017,Madhya Pradesh,Vidisha,10.5,23.8,2266.67,263.0,1025.7,3900.0,0.0,0.0,0.0
40,2010,Madhya Pradesh,Betul,43.7,60.8,1391.3,116.1,137.3,1182.6,0.22,0.03,152.18
40,2011,Madhya Pradesh,Betul,42.1,65.8,1562.95,96.4,281.0,2914.94,0.22,0.05,249.04
40,2012,Madhya Pradesh,Betul,44.86,121.76,2714.22,117.62,263.37,2239.16,0.32,0.09,281.25
40,2013,Madhya Pradesh,Betul,43.84,98.85,2254.79,122.8,232.0,1889.25,0.21,0.04,190.48
40,2014,Madhya Pradesh,Betul,47.0,105.33,2241.06,178.0,439.0,2466.29,5.0,0.9,180.0
40,2015,Madhya Pradesh,Betul,42.0,72.0,1714.29,158.0,391.0,2474.68,0.0,0.0,0.0
40,2016,Madhya Pradesh,Betul,55.0,97.33,1769.64,128.0,339.0,2648.44,0.0,0.0,0.0
40,2017,Madhya Pradesh,Betul,45.0,79.11,1758.0,104.4,277.91,2661.97,0.3,0.08,276.0
41,2010,Madhya Pradesh,Rajgarh,0.5,0.4,800.0,94.1,140.4,1492.03,0.0,0.0,0.0
41,2011,Madhya Pradesh,Rajgarh,0.6,0.5,833.33,127.4,282.2,2215.07,0.0,0.0,0.0
41,2012,Madhya Pradesh,Rajgarh,0.42,0.34,809.52,165.11,462.59,2801.71,0.0,0.0,0.0
41,2013,Madhya Pradesh,Rajgarh,0.36,0.24,666.67,194.1,450.66,2321.79,0.0,0.0,0.0
41,2014,Madhya Pradesh,Rajgarh,1.0,0.67,670.0,161.0,509.0,3161.49,0.0,0.0,0.0
41,2015,Madhya Pradesh,Rajgarh,1.0,1.33,1330.0,135.0,343.0,2540.74,0.0,0.0,0.0
41,2016,Madhya Pradesh,Rajgarh,1.0,2.66,2660.0,161.0,571.0,3546.58,0.0,0.0,0.0
41,2017,Madhya Pradesh,Rajgarh,1.15,0.75,648.7,152.0,529.72,3485.0,0.0,0.0,0.0
42,2010,Madhya Pradesh,Shajapur,0.1,0.1,1000.0,90.8,182.1,2005.51,0.0,0.0,0.0
42,2011,Madhya Pradesh,Shajapur,0.1,0.1,1000.0,99.0,297.7,3007.07,0.0,0.0,0.0
42,2012,Madhya Pradesh,Shajapur,0.07,0.04,571.43,126.24,260.68,2064.96,0.0,0.0,0.0
42,2013,Madhya Pradesh,Shajapur,0.04,0.02,500.0,166.8,376.83,2259.17,0.0,0.0,0.0
42,2014,Madhya Pradesh,Shajapur,0.0,0.0,0.0,118.0,362.0,3067.8,7.0,1.08,154.29
42,2015,Madhya Pradesh,Shajapur,0.0,0.0,0.0,171.0,552.0,3228.07,0.0,0.0,0.0
42,2016,Madhya Pradesh,Shajapur,0.0,0.0,0.0,186.0,636.0,3419.35,0.0,0.0,0.0
42,2017,Madhya Pradesh,Shajapur,0.05,0.04,800.0,125.8,471.6,3748.81,0.0,0.0,0.0
43,2010,Madhya Pradesh,Hoshangabad,24.1,55.6,2307.05,383.8,1414.7,3686.03,0.21,0.06,268.29
43,2011,Madhya Pradesh,Hoshangabad,26.0,52.3,2011.54,392.0,1775.3,4528.83,0.16,0.05,332.56
43,2012,Madhya Pradesh,Hoshangabad,30.05,61.74,2054.58,408.29,1596.19,3909.45,0.22,0.08,363.64
43,2013,Madhya Pradesh,Hoshangabad,41.8,65.92,1577.03,408.58,1299.95,3181.63,0.1,0.03,300.0
43,2014,Madhya Pradesh,Hoshangabad,103.0,190.67,1851.17,395.0,1767.0,4473.42,4.0,0.54,135.0
43,2015,Madhya Pradesh,Hoshangabad,111.0,316.67,2852.88,432.0,1766.0,4087.96,0.0,0.0,0.0
43,2016,Madhya Pradesh,Hoshangabad,122.0,280.66,2300.49,401.0,1777.0,4431.42,0.0,0.0,0.0
43,2017,Madhya Pradesh,Hoshangabad,136.8,312.65,2285.45,349.5,1467.18,4197.94,0.05,0.01,288.0
44,2010,Andhra Pradesh,Srikakulam,279.72,358.64,1282.12,0.0,0.0,0.0,8.7,2.06,236.78
44,2011,Andhra Pradesh,Srikakulam,272.7,537.7,1971.75,0.0,0.0,0.0,11.43,3.38,295.15
44,2012,Andhra Pradesh,Srikakulam,271.63,689.11,2537.01,0.0,0.0,0.0,17.28,8.21,475.12
44,2013,Andhra Pradesh,Srikakulam,261.53,500.73,1914.64,0.0,0.0,0.0,17.5,7.6,434.0
44,2014,Andhra Pradesh,Srikakulam,272.51,613.59,2251.58,0.0,0.0,0.0,17.41,10.93,628.09
44,2015,Andhra Pradesh,Srikakulam,270.13,664.52,2459.96,0.0,0.0,0.0,16.68,8.04,482.31
44,2016,Andhra Pradesh,Srikakulam,268.4,801.97,2987.93,0.0,0.0,0.0,14.47,7.15,494.02
44,2017,Andhra Pradesh,Srikakulam,279.15,735.77,2635.76,0.0,0.0,1000.0,14.29,7.95,556.2
45,2010,Andhra Pradesh,Visakhapatnam,184.32,376.1,2040.45,0.0,0.0,0.0,6.84,1.34,195.91
45,2011,Andhra Pradesh,Visakhapatnam,174.41,303.62,1740.86,0.0,0.0,0.0,7.25,1.86,255.69
45,2012,Andhra Pradesh,Visakhapatnam,166.65,312.24,1873.71,0.0,0.0,0.0,10.34,4.22,408.12
45,2013,Andhra Pradesh,Visakhapatnam,163.79,330.13,2015.54,0.0,0.0,0.0,10.45,3.88,371.77
45,2014,Andhra Pradesh,Visakhapatnam,167.72,343.73,2049.37,0.0,0.0,0.0,10.69,5.61,524.32
45,2015,Andhra Pradesh,Visakhapatnam,170.96,416.89,2438.59,0.0,0.0,0.0,9.92,3.63,366.43
45,2016,Andhra Pradesh,Visakhapatnam,172.56,436.84,2531.46,0.0,0.0,0.0,8.97,3.15,351.73
45,2017,Andhra Pradesh,Visakhapatnam,173.38,421.22,2429.45,0.0,0.0,1000.0,8.29,3.38,407.71
46,2010,Andhra Pradesh,East Godavari,410.53,1357.62,3306.99,0.0,0.0,0.0,12.11,3.66,302.23
46,2011,Andhra Pradesh,East Godavari,337.09,1176.83,3491.14,0.0,0.0,0.0,13.15,3.38,257.03
46,2012,Andhra Pradesh,East Godavari,401.06,1101.91,2747.49,0.0,0.0,0.0,16.85,5.53,328.19
46,2013,Andhra Pradesh,East Godavari,404.68,1211.71,2994.24,0.0,0.0,0.0,21.78,4.45,204.32
46,2014,Andhra Pradesh,East Godavari,394.12,1563.23,3966.38,0.0,0.0,0.0,22.43,8.57,382.08
46,2015,Andhra Pradesh,East Godavari,381.74,1445.57,3786.79,0.0,0.0,0.0,20.57,10.83,526.49
46,2016,Andhra Pradesh,East Godavari,383.96,1627.03,4237.51,0.0,0.0,0.0,12.74,6.07,476.65
46,2017,Andhra Pradesh,East Godavari,386.54,1672.79,4327.61,0.0,0.0,0.0,16.36,6.43,393.13
47,2010,Andhra Pradesh,West Godavari,456.52,1490.32,3264.52,0.0,0.0,0.0,3.96,1.53,386.36
47,2011,Andhra Pradesh,West Godavari,363.79,1308.47,3596.77,0.0,0.0,0.0,5.13,1.87,364.52
47,2012,Andhra Pradesh,West Godavari,422.51,1289.34,3051.62,0.0,0.0,0.0,6.43,3.69,573.87
47,2013,Andhra Pradesh,West Godavari,420.62,1342.34,3191.34,0.0,0.0,0.0,5.24,2.35,448.47
47,2014,Andhra Pradesh,West Godavari,409.29,1624.32,3968.63,0.0,0.0,0.0,9.8,2.49,254.08
47,2015,Andhra Pradesh,West Godavari,403.8,1558.51,3859.61,0.0,0.0,0.0,8.39,4.99,594.76
47,2016,Andhra Pradesh,West Godavari,399.41,1666.1,4171.38,0.0,0.0,0.0,4.61,2.66,576.55
47,2017,Andhra Pradesh,West Godavari,393.22,1693.91,4307.75,0.01,0.01,700.0,4.53,2.52,556.31
48,2010,Andhra Pradesh,Krishna,355.34,1090.69,3069.43,0.0,0.0,0.0,51.96,20.01,385.1
48,2011,Andhra Pradesh,Krishna,272.03,1011.54,3718.49,0.0,0.0,0.0,59.85,20.83,348.04
48,2012,Andhra Pradesh,Krishna,264.53,950.52,3593.24,0.0,0.0,0.0,64.51,35.48,549.99
48,2013,Andhra Pradesh,Krishna,363.32,1175.52,3235.49,0.0,0.0,0.0,59.3,40.44,681.96
48,2014,Andhra Pradesh,Krishna,288.04,998.8,3467.57,0.0,0.0,0.0,55.57,47.1,847.58
48,2015,Andhra Pradesh,Krishna,220.68,762.64,3455.86,0.0,0.0,0.0,52.78,36.15,684.92
48,2016,Andhra Pradesh,Krishna,231.41,897.72,3879.35,0.0,0.0,0.0,37.31,28.7,769.23
48,2017,Andhra Pradesh,Krishna,258.73,1031.95,3988.57,0.0,0.0,0.0,48.36,35.25,728.94
49,2010,Andhra Pradesh,Guntur,401.59,1090.52,2715.51,0.04,0.06,1500.0,193.81,77.37,399.19
49,2011,Andhra Pradesh,Guntur,347.32,1316.41,3790.21,0.0,0.0,0.0,189.36,69.86,368.91
49,2012,Andhra Pradesh,Guntur,206.87,725.08,3504.99,0.0,0.0,0.0,218.24,136.75,626.62
49,2013,Andhra Pradesh,Guntur,391.92,1340.84,3421.25,0.0,0.0,0.0,232.01,158.68,683.94
49,2014,Andhra Pradesh,Guntur,333.74,1298.65,3891.24,0.0,0.0,0.0,239.6,214.76,896.34
49,2015,Andhra Pradesh,Guntur,183.64,557.07,3033.49,0.0,0.0,0.0,225.09,152.01,675.35
49,2016,Andhra Pradesh,Guntur,194.37,801.72,4124.67,0.0,0.0,0.0,149.12,121.79,816.69
49,2017,Andhra Pradesh,Guntur,224.27,936.37,4175.12,0.0,0.0,0.0,200.1,151.48,757.01
50,2010,Andhra Pradesh,S.P.S. Nellore,330.44,1202.9,3640.34,0.0,0.0,0.0,27.8,9.93,357.3
50,2011,Andhra Pradesh,S.P.S. Nellore,299.61,1193.7,3984.22,0.0,0.0,0.0,38.95,14.95,383.89
50,2012,Andhra Pradesh,S.P.S. Nellore,270.94,1098.63,4054.89,0.0,0.0,0.0,32.68,16.62,508.5
50,2013,Andhra Pradesh,S.P.S. Nellore,277.55,1113.37,4011.42,0.0,0.0,0.0,38.84,22.27,573.27
50,2014,Andhra Pradesh,S.P.S. Nellore,280.73,1123.27,4001.19,0.0,0.0,0.0,36.91,22.7,615.01
50,2015,Andhra Pradesh,S.P.S. Nellore,305.12,1357.59,4449.4,0.0,0.0,0.0,27.75,13.62,490.84
50,2016,Andhra Pradesh,S.P.S. Nellore,219.86,919.78,4183.55,0.0,0.0,0.0,13.6,6.66,489.46
50,2017,Andhra Pradesh,S.P.S. Nellore,242.52,1105.54,4558.52,0.0,0.0,0.0,18.34,7.55,411.78
51,2010,Andhra Pradesh,Kurnool,162.16,480.21,2961.26,0.56,0.81,1446.43,62.23,22.06,354.5
51,2011,Andhra Pradesh,Kurnool,125.68,448.24,3566.47,0.22,0.24,1090.91,106.51,24.62,231.16
51,2012,Andhra Pradesh,Kurnool,97.75,367.26,3757.06,0.31,0.42,1354.84,165.72,35.56,214.6
51,2013,Andhra Pradesh,Kurnool,147.06,543.56,3696.13,0.27,0.2,740.74,217.5,130.57,600.29
51,2014,Andhra Pradesh,Kurnool,131.75,509.21,3865.01,0.05,0.06,1200.0,317.61,153.07,481.93
51,2015,Andhra Pradesh,Kurnool,62.69,200.17,3192.9,0.14,0.1,714.29,209.45,70.68,337.48
51,2016,Andhra Pradesh,Kurnool,115.13,457.91,3977.44,0.03,0.07,2312.5,178.72,97.12,543.42
51,2017,Andhra Pradesh,Kurnool,109.67,391.52,3570.06,0.02,0.01,687.5,264.92,134.54,507.87
52,2010,Andhra Pradesh,Ananthapur,59.8,171.4,2866.22,0.13,0.17,1307.69,4.34,0.51,117.51
52,2011,Andhra Pradesh,Ananthapur,48.67,120.07,2467.02,0.08,0.1,1250.0,19.3,2.05,106.22
52,2012,Andhra Pradesh,Ananthapur,29.05,76.45,2631.67,0.13,0.15,1153.85,27.64,6.05,218.89
52,2013,Andhra Pradesh,Ananthapur,40.4,87.94,2176.73,0.06,0.04,666.67,37.72,13.94,369.57
52,2014,Andhra Pradesh,Ananthapur,29.21,82.53,2825.4,0.0,0.0,0.0,74.62,18.9,253.28
52,2015,Andhra Pradesh,Ananthapur,33.62,97.65,2904.52,0.02,0.01,500.0,60.79,18.2,299.39
52,2016,Andhra Pradesh,Ananthapur,22.89,57.43,2509.33,0.0,0.0,0.0,31.8,4.69,147.54
52,2017,Andhra Pradesh,Ananthapur,30.91,86.36,2793.52,0.01,0.01,750.0,45.55,23.24,510.22
53,2010,Andhra Pradesh,Kadapa YSR,70.38,129.55,1840.72,0.02,0.03,1500.0,17.01,6.94,408.0
53,2011,Andhra Pradesh,Kadapa YSR,53.9,158.66,2943.6,0.02,0.02,1000.0,30.85,8.21,266.13
53,2012,Andhra Pradesh,Kadapa YSR,30.75,80.8,2627.64,0.0,0.0,0.0,28.88,10.11,350.07
53,2013,Andhra Pradesh,Kadapa YSR,62.71,178.29,2843.09,0.01,0.01,1000.0,35.92,9.51,264.76
53,2014,Andhra Pradesh,Kadapa YSR,45.89,165.84,3613.86,0.27,0.2,740.74,35.59,10.73,301.49
53,2015,Andhra Pradesh,Kadapa YSR,40.26,123.13,3058.37,0.0,0.0,0.0,33.51,8.59,256.34
53,2016,Andhra Pradesh,Kadapa YSR,50.33,165.64,3291.14,0.0,0.0,2000.0,19.4,3.23,166.52
53,2017,Andhra Pradesh,Kadapa YSR,54.98,139.76,2542.13,0.01,0.01,714.29,24.8,3.24,130.46
54,2010,Andhra Pradesh,Chittoor,61.58,185.14,3006.5,0.0,0.0,0.0,0.24,0.02,83.33
54,2011,Andhra Pradesh,Chittoor,51.11,168.93,3305.22,0.0,0.0,0.0,0.4,0.01,25.0
54,2012,Andhra Pradesh,Chittoor,47.51,171.41,3607.87,0.0,0.0,0.0,0.54,0.12,222.22
54,2013,Andhra Pradesh,Chittoor,49.86,169.02,3389.89,0.0,0.0,0.0,0.35,0.16,457.14
54,2014,Andhra Pradesh,Chittoor,40.97,132.42,3232.12,0.0,0.0,0.0,0.85,0.36,423.53
54,2015,Andhra Pradesh,Chittoor,88.15,334.55,3795.24,0.0,0.0,0.0,1.14,0.36,315.79
54,2016,Andhra Pradesh,Chittoor,46.7,170.2,3644.56,0.0,0.0,0.0,0.78,0.31,395.72
54,2017,Andhra Pradesh,Chittoor,64.81,246.15,3797.99,0.0,0.0,0.0,0.5,0.24,480.97
55,2010,Telangana,Hyderabad,52.36,136.1,2599.31,0.79,1.03,1303.8,34.07,9.71,285.0
55,2011,Telangana,Hyderabad,43.67,103.1,2360.89,0.68,0.9,1323.53,40.03,6.69,167.12
55,2012,Telangana,Hyderabad,40.91,98.4,2405.28,0.62,0.7,1129.03,60.23,24.64,409.1
55,2013,Telangana,Hyderabad,45.04,102.87,2283.97,0.57,0.36,631.58,59.49,25.13,422.42
55,2014,Telangana,Hyderabad,34.88,91.21,2614.97,0.39,0.46,1179.49,63.47,19.89,313.38
55,2015,Telangana,Hyderabad,24.28,61.41,2529.24,0.2,0.78,3900.0,63.01,16.91,268.37
55,2016,Telangana,Hyderabad,41.22,117.83,2858.43,0.18,0.23,1252.49,70.81,20.39,288.0
55,2017,Telangana,Hyderabad,50.34,150.2,2983.71,0.12,0.16,1385.15,121.8,51.08,419.41
56,2010,Telangana,Nizamabad,221.62,844.24,3809.4,1.67,2.18,1305.39,20.43,11.11,543.81
56,2011,Telangana,Nizamabad,259.81,972.2,3741.97,1.42,1.88,1323.94,23.15,5.37,231.97
56,2012,Telangana,Nizamabad,192.96,736.19,3815.25,1.27,1.86,1464.57,20.5,7.81,380.98
56,2013,Telangana,Nizamabad,260.81,1044.19,4003.64,1.17,1.71,1461.54,15.4,5.51,357.79
56,2014,Telangana,Nizamabad,169.27,620.53,3665.92,1.2,1.97,1641.67,15.8,3.39,214.56
56,2015,Telangana,Nizamabad,98.03,262.79,2680.71,0.81,1.89,2333.33,16.66,2.97,178.27
56,2016,Telangana,Nizamabad,265.97,1067.01,4011.74,0.75,0.68,905.96,8.86,3.68,415.05
56,2017,Telangana,Nizamabad,267.21,968.95,3626.14,0.54,0.98,1828.36,19.21,8.97,466.83
57,2010,Telangana,Medak,144.56,514.92,3561.98,2.76,3.59,1300.72,78.39,21.71,276.95
57,2011,Telangana,Medak,137.03,406.96,2969.86,2.54,3.41,1342.52,93.08,27.74,298.02
57,2012,Telangana,Medak,110.36,372.6,3376.22,2.44,2.27,930.33,128.87,75.9,588.97
57,2013,Telangana,Medak,170.97,624.49,3652.63,2.12,1.71,806.6,122.3,53.92,440.88
57,2014,Telangana,Medak,110.89,363.08,3274.24,1.25,0.93,744.0,133.7,42.05,314.51
57,2015,Telangana,Medak,84.17,239.78,2848.76,1.21,0.91,752.07,134.24,40.71,303.26
57,2016,Telangana,Medak,160.77,596.06,3707.62,1.1,1.22,1106.05,118.61,45.71,385.41
57,2017,Telangana,Medak,180.79,615.82,3406.18,0.72,0.82,1133.22,180.0,123.38,685.44
58,2010,Telangana,Mahabubnagar,196.7,545.77,2774.63,0.03,0.04,1333.33,160.25,53.36,332.98
58,2011,Telangana,Mahabubnagar,172.07,396.56,2304.64,0.02,0.02,1000.0,185.29,37.24,200.98
58,2012,Telangana,Mahabubnagar,142.03,380.5,2679.01,0.01,0.01,1000.0,222.54,85.01,382.0
58,2013,Telangana,Mahabubnagar,168.63,478.7,2838.76,0.01,0.01,1000.0,230.61,86.03,373.05
58,2014,Telangana,Mahabubnagar,160.77,418.1,2600.61,0.0,0.0,0.0,237.68,83.61,351.78
58,2015,Telangana,Mahabubnagar,96.28,215.02,2233.28,0.0,0.0,0.0,273.99,47.26,172.49
58,2016,Telangana,Mahabubnagar,143.31,386.46,2696.59,0.03,0.04,1251.7,148.11,46.56,314.39
58,2017,Telangana,Mahabubnagar,170.82,420.07,2459.12,0.02,0.03,1366.34,275.05,87.19,316.99
59,2010,Telangana,Nalgonda,405.32,1323.71,3265.84,0.0,0.0,0.0,165.11,51.68,313.0
59,2011,Telangana,Nalgonda,327.76,963.8,2940.57,0.0,0.0,0.0,205.36,35.12,171.02
59,2012,Telangana,Nalgonda,208.52,683.87,3279.64,0.0,0.0,0.0,297.82,102.45,344.0
59,2013,Telangana,Nalgonda,393.74,1205.29,3061.13,0.0,0.0,0.0,335.98,139.76,415.98
59,2014,Telangana,Nalgonda,323.38,1041.36,3220.24,0.0,0.0,0.0,307.79,90.93,295.43
59,2015,Telangana,Nalgonda,212.73,620.45,2916.61,0.0,0.0,0.0,341.66,115.43,337.85
59,2016,Telangana,Nalgonda,356.25,1256.43,3526.82,0.01,0.01,1200.0,283.89,84.16,296.47
59,2017,Telangana,Nalgonda,415.25,1380.74,3325.09,0.0,0.0,0.0,351.28,149.19,424.69
60,2010,Telangana,Warangal,268.06,860.41,3209.77,0.02,0.03,1500.0,227.97,101.68,446.02
60,2011,Telangana,Warangal,224.35,573.94,2558.23,0.0,0.0,0.0,265.81,102.07,384.0
60,2012,Telangana,Warangal,209.71,689.02,3285.58,0.0,0.0,0.0,276.41,100.06,362.0
60,2013,Telangana,Warangal,254.85,800.52,3141.14,0.0,0.0,0.0,239.79,119.73,499.31
60,2014,Telangana,Warangal,142.01,437.44,3080.35,0.0,0.0,0.0,228.06,109.39,479.65
60,2015,Telangana,Warangal,181.07,572.94,3164.19,0.0,0.0,0.0,251.02,115.49,460.08
60,2016,Telangana,Warangal,275.02,973.41,3539.43,0.0,0.0,1125.0,232.02,126.18,543.82
60,2017,Telangana,Warangal,269.29,783.31,2908.75,0.0,0.0,1428.57,290.51,131.64,453.12
61,2010,Telangana,Khammam,218.25,704.07,3225.98,0.0,0.0,0.0,148.65,69.1,464.85
61,2011,Telangana,Khammam,165.31,411.69,2490.41,0.0,0.0,0.0,171.68,35.88,208.99
61,2012,Telangana,Khammam,153.84,473.08,3075.14,0.0,0.0,0.0,184.77,85.92,465.01
61,2013,Telangana,Khammam,191.78,575.28,2999.69,0.0,0.0,0.0,175.05,98.77,564.24
61,2014,Telangana,Khammam,145.71,456.18,3130.74,0.0,0.0,0.0,157.42,87.17,553.74
61,2015,Telangana,Khammam,121.72,369.34,3034.34,0.0,0.0,0.0,154.99,83.52,538.87
61,2016,Telangana,Khammam,121.0,445.76,3683.86,0.0,0.0,0.0,119.45,72.34,605.61
61,2017,Telangana,Khammam,161.32,512.4,3176.26,0.0,0.0,0.0,143.17,99.72,696.5
62,2010,Telangana,Karimnagar,381.52,1351.86,3543.35,0.01,0.01,1000.0,235.4,85.45,363.0
62,2011,Telangana,Karimnagar,343.38,1120.05,3261.84,0.02,0.02,1000.0,235.25,49.87,211.99
62,2012,Telangana,Karimnagar,289.43,1026.88,3547.94,0.01,0.01,1000.0,251.38,84.96,337.97
62,2013,Telangana,Karimnagar,417.91,1500.84,3591.3,0.0,0.0,0.0,231.38,120.46,520.62
62,2014,Telangana,Karimnagar,278.43,990.96,3559.1,0.0,0.0,0.0,214.59,105.42,491.26
62,2015,Telangana,Karimnagar,170.4,553.96,3250.94,0.0,0.0,0.0,201.24,98.69,490.41
62,2016,Telangana,Karimnagar,369.13,1457.37,3948.09,0.0,0.0,1125.0,151.41,85.85,567.03
62,2017,Telangana,Karimnagar,353.68,1182.07,3342.24,0.0,0.0,1428.57,174.97,101.28,578.83
63,2010,Telangana,Adilabad,90.55,255.15,2817.78,4.05,5.2,1283.95,324.98,112.12,345.01
63,2011,Telangana,Adilabad,76.17,199.33,2616.91,3.28,4.33,1320.12,361.17,89.93,249.0
63,2012,Telangana,Adilabad,70.75,187.27,2646.93,3.59,4.05,1128.13,370.36,122.96,332.0
63,2013,Telangana,Adilabad,90.69,248.91,2744.62,3.17,4.0,1261.83,302.85,118.44,391.08
63,2014,Telangana,Adilabad,50.08,126.13,2518.57,3.0,3.56,1186.67,304.42,103.15,338.84
63,2015,Telangana,Adilabad,57.5,151.6,2636.52,2.73,13.33,4882.78,336.45,150.96,448.68
63,2016,Telangana,Adilabad,95.89,298.74,3115.42,3.34,5.24,1570.74,275.6,135.11,490.23
63,2017,Telangana,Adilabad,93.67,249.88,2667.68,2.76,3.78,1370.16,340.98,182.74,535.92
64,2010,Karnataka,Bangalore,12.06,32.09,2660.86,0.01,0.01,1000.0,0.0,0.0,0.0
64,2011,Karnataka,Bangalore,11.08,32.5,2933.21,0.01,0.01,1000.0,0.0,0.0,0.0
64,2012,Karnataka,Bangalore,8.92,22.85,2561.66,0.0,0.0,0.0,0.0,0.0,0.0
64,2013,Karnataka,Bangalore,7.75,21.56,2781.94,0.0,0.0,0.0,0.0,0.0,0.0
64,2014,Karnataka,Bangalore,6.84,18.35,2682.75,0.0,0.0,0.0,0.0,0.0,0.0
64,2015,Karnataka,Bangalore,5.97,14.64,2452.26,0.0,0.0,0.0,0.0,0.0,0.0
64,2016,Karnataka,Bangalore,4.96,9.26,1866.88,0.0,0.0,0.0,0.0,0.0,360.0
64,2017,Karnataka,Bangalore,5.24,15.46,2950.57,0.0,0.0,0.0,0.0,0.0,0.0
65,2010,Karnataka,Kolar,19.25,48.94,2542.34,0.0,0.0,0.0,0.23,0.08,347.83
65,2011,Karnataka,Kolar,10.82,27.11,2505.55,0.0,0.0,0.0,0.2,0.07,350.0
65,2012,Karnataka,Kolar,7.2,17.76,2466.67,0.0,0.0,0.0,0.16,0.07,437.5
65,2013,Karnataka,Kolar,4.08,9.49,2325.98,0.0,0.0,0.0,0.16,0.09,562.5
65,2014,Karnataka,Kolar,1.15,2.8,2434.78,0.0,0.0,0.0,0.07,0.03,428.57
65,2015,Karnataka,Kolar,1.73,4.23,2445.09,0.0,0.0,0.0,0.11,0.04,363.64
65,2016,Karnataka,Kolar,2.64,5.88,2229.72,0.0,0.0,0.0,0.11,0.04,376.51
65,2017,Karnataka,Kolar,1.69,5.46,3233.55,0.0,0.0,0.0,0.04,0.03,630.0
66,2010,Karnataka,Tumkur,34.58,98.43,2846.44,0.0,0.0,0.0,0.97,0.57,587.63
66,2011,Karnataka,Tumkur,28.44,79.64,2800.28,0.0,0.0,0.0,1.45,0.77,531.03
66,2012,Karnataka,Tumkur,14.89,37.72,2533.24,0.0,0.0,0.0,1.38,0.57,413.04
66,2013,Karnataka,Tumkur,13.04,38.49,2951.69,0.0,0.0,0.0,0.76,0.31,407.89
66,2014,Karnataka,Tumkur,9.51,26.93,2831.76,0.0,0.0,0.0,1.75,0.81,462.86
66,2015,Karnataka,Tumkur,10.38,29.25,2817.92,0.0,0.0,0.0,1.53,0.5,326.8
66,2016,Karnataka,Tumkur,10.76,26.21,2434.88,0.0,0.0,0.0,1.1,2.57,2328.41
66,2017,Karnataka,Tumkur,4.86,12.29,2529.02,0.02,0.02,1125.0,0.74,0.07,95.63
67,2010,Karnataka,Mysore,143.53,441.19,3073.85,0.0,0.0,0.0,41.8,10.86,259.81
67,2011,Karnataka,Mysore,136.45,431.65,3163.43,0.0,0.0,0.0,50.92,17.66,346.82
67,2012,Karnataka,Mysore,102.1,325.11,3184.23,0.0,0.0,0.0,51.86,10.22,197.07
67,2013,Karnataka,Mysore,117.83,407.47,3458.12,0.0,0.0,0.0,56.35,30.04,533.1
67,2014,Karnataka,Mysore,117.04,395.0,3374.91,0.0,0.0,0.0,63.23,18.63,294.64
67,2015,Karnataka,Mysore,107.4,366.09,3408.66,0.0,0.0,0.0,62.74,14.29,227.77
67,2016,Karnataka,Mysore,72.46,204.8,2826.23,0.0,0.0,0.0,48.73,5.09,104.53
67,2017,Karnataka,Mysore,68.14,210.73,3092.59,0.0,0.0,0.0,58.04,24.48,421.79
68,2010,Karnataka,Mandya,81.04,277.06,3418.81,0.0,0.0,0.0,0.0,0.0,0.0
68,2011,Karnataka,Mandya,74.16,251.64,3393.2,0.0,0.0,0.0,0.0,0.0,0.0
68,2012,Karnataka,Mandya,49.95,155.66,3116.32,0.0,0.0,0.0,0.0,0.0,0.0
68,2013,Karnataka,Mandya,65.62,229.15,3492.08,0.0,0.0,0.0,0.0,0.0,0.0
68,2014,Karnataka,Mandya,66.52,245.46,3690.02,0.0,0.0,0.0,0.01,0.0,0.0
68,2015,Karnataka,Mandya,58.49,214.38,3665.24,0.0,0.0,0.0,0.0,0.0,0.0
68,2016,Karnataka,Mandya,43.66,113.68,2603.46,0.0,0.0,0.0,0.0,0.0,0.0
68,2017,Karnataka,Mandya,33.85,100.51,2969.07,0.0,0.0,0.0,0.0,0.0,0.0
69,2010,Karnataka,Hassan,51.75,149.23,2883.67,0.0,0.0,0.0,0.11,0.04,363.64
69,2011,Karnataka,Hassan,48.87,120.86,2473.09,0.0,0.0,0.0,0.09,0.04,444.44
69,2012,Karnataka,Hassan,49.29,107.78,2186.65,0.0,0.0,0.0,0.06,0.03,500.0
69,2013,Karnataka,Hassan,51.8,158.59,3061.58,0.0,0.0,0.0,0.28,0.15,535.71
69,2014,Karnataka,Hassan,48.07,146.29,3043.27,0.0,0.0,0.0,0.4,0.2,500.0
69,2015,Karnataka,Hassan,42.82,117.08,2734.24,0.0,0.0,0.0,0.35,0.12,342.86
69,2016,Karnataka,Hassan,26.1,53.23,2039.43,0.0,0.0,0.0,0.1,0.02,174.43
69,2017,Karnataka,Hassan,21.63,70.09,3241.2,0.0,0.0,0.0,0.13,0.07,599.04
70,2010,Karnataka,Shimoge,132.39,366.59,2769.02,0.0,0.0,0.0,1.48,0.55,371.62
70,2011,Karnataka,Shimoge,128.98,376.58,2919.68,0.0,0.0,0.0,1.55,0.72,464.52
70,2012,Karnataka,Shimoge,123.31,328.9,2667.26,0.0,0.0,0.0,0.99,0.41,414.14
70,2013,Karnataka,Shimoge,124.62,380.81,3055.77,0.0,0.0,0.0,0.74,0.34,459.46
70,2014,Karnataka,Shimoge,121.87,370.01,3036.1,0.0,0.0,0.0,0.85,0.38,447.06
70,2015,Karnataka,Shimoge,110.03,286.76,2606.2,0.0,0.0,0.0,0.54,0.47,870.37
70,2016,Karnataka,Shimoge,104.44,218.6,2092.95,0.0,0.0,0.0,0.5,0.19,377.18
70,2017,Karnataka,Shimoge,93.52,235.1,2513.97,0.0,0.0,0.0,1.25,0.79,629.64
71,2010,Karnataka,Chickmagalur,44.06,115.48,2620.97,0.0,0.0,0.0,0.88,0.33,375.0
71,2011,Karnataka,Chickmagalur,45.38,116.76,2572.94,0.0,0.0,0.0,1.03,0.2,194.17
71,2012,Karnataka,Chickmagalur,37.99,87.47,2302.45,0.0,0.0,0.0,1.16,0.17,146.55
71,2013,Karnataka,Chickmagalur,41.05,112.1,2730.82,0.0,0.0,0.0,1.3,0.25,192.31
71,2014,Karnataka,Chickmagalur,40.34,105.3,2610.31,0.0,0.0,0.0,1.84,0.54,293.48
71,2015,Karnataka,Chickmagalur,33.04,88.32,2673.12,0.0,0.0,0.0,1.36,0.34,250.0
71,2016,Karnataka,Chickmagalur,29.93,71.84,2400.32,0.0,0.0,0.0,1.57,0.18,115.68
71,2017,Karnataka,Chickmagalur,26.9,64.63,2402.86,0.0,0.0,0.0,1.88,0.7,372.14
72,2010,Karnataka,Chitradurga,156.47,532.01,3400.08,2.3,3.41,1482.61,40.0,12.18,304.5
72,2011,Karnataka,Chitradurga,151.32,516.96,3416.34,1.53,1.69,1104.58,43.76,16.93,386.88
72,2012,Karnataka,Chitradurga,120.43,395.38,3283.07,0.52,0.68,1307.69,34.85,9.96,285.8
72,2013,Karnataka,Chitradurga,129.79,456.33,3515.91,0.32,0.39,1218.75,41.55,11.37,273.65
72,2014,Karnataka,Chitradurga,138.71,504.16,3634.63,0.64,1.11,1734.37,49.25,14.13,286.9
72,2015,Karnataka,Chitradurga,99.56,371.56,3732.02,0.52,0.63,1211.54,32.45,10.77,331.9
72,2016,Karnataka,Chitradurga,78.72,252.25,3204.37,0.24,0.28,1139.92,17.94,3.36,187.14
72,2017,Karnataka,Chitradurga,65.99,248.3,3762.79,0.47,0.57,1229.12,15.08,4.76,315.67
73,2010,Karnataka,Bellary,130.68,462.98,3542.85,1.02,1.77,1735.29,44.89,20.91,465.81
73,2011,Karnataka,Bellary,116.17,410.63,3534.73,0.65,0.65,1000.0,42.37,15.8,372.91
73,2012,Karnataka,Bellary,109.15,387.78,3552.73,0.58,0.4,689.66,65.5,31.73,484.43
73,2013,Karnataka,Bellary,110.55,418.62,3786.7,0.33,0.35,1060.61,74.3,34.37,462.58
73,2014,Karnataka,Bellary,118.64,408.13,3440.07,0.26,0.34,1307.69,82.34,44.72,543.11
73,2015,Karnataka,Bellary,93.67,341.44,3645.14,0.11,0.21,1909.09,68.05,26.51,389.57
73,2016,Karnataka,Bellary,87.01,337.8,3882.34,0.08,0.01,129.87,48.06,24.06,500.65
73,2017,Karnataka,Bellary,101.93,388.34,3809.74,0.58,0.77,1317.87,59.16,35.81,605.22
74,2010,Karnataka,Dharwad,81.43,133.81,1643.25,69.42,68.17,981.99,266.44,99.81,374.61
74,2011,Karnataka,Dharwad,77.22,137.78,1784.25,75.81,52.29,689.75,234.82,86.41,367.98
74,2012,Karnataka,Dharwad,79.78,74.7,936.32,75.78,41.97,553.84,139.66,45.18,323.5
74,2013,Karnataka,Dharwad,73.73,155.57,2110.0,64.95,56.47,869.44,246.51,88.13,357.51
74,2014,Karnataka,Dharwad,68.9,157.35,2283.74,46.38,54.25,1169.69,301.37,119.33,395.96
74,2015,Karnataka,Dharwad,70.59,67.57,957.22,49.86,26.88,539.11,200.16,59.13,295.41
74,2016,Karnataka,Dharwad,59.82,56.76,948.88,44.02,15.68,356.17,198.3,46.8,236.0
74,2017,Karnataka,Dharwad,52.59,74.86,1423.5,54.57,35.42,649.01,148.05,67.14,453.47
75,2010,Karnataka,Belgaum,68.47,135.88,1984.52,54.24,67.91,1252.03,38.33,17.15,447.43
75,2011,Karnataka,Belgaum,68.31,132.5,1939.69,44.01,43.95,998.64,38.01,19.88,523.02
75,2012,Karnataka,Belgaum,63.7,95.08,1492.62,47.29,42.59,900.61,22.68,7.53,332.01
75,2013,Karnataka,Belgaum,58.67,123.84,2110.79,39.36,37.43,950.97,31.37,15.6,497.29
75,2014,Karnataka,Belgaum,59.94,176.69,2947.78,46.81,74.09,1582.78,40.31,19.73,489.46
75,2015,Karnataka,Belgaum,61.23,40.8,666.34,32.91,29.76,904.28,39.58,10.63,268.57
75,2016,Karnataka,Belgaum,65.59,123.76,1886.84,50.77,69.6,1370.84,54.72,26.16,478.09
75,2017,Karnataka,Belgaum,64.58,148.63,2301.29,46.35,70.18,1514.29,31.0,18.3,590.43
76,2010,Karnataka,Bijapur / Vijayapura,0.21,0.59,2809.52,88.66,92.64,1044.89,12.91,5.52,427.58
76,2011,Karnataka,Bijapur / Vijayapura,0.18,0.47,2611.11,71.63,56.53,789.19,13.7,4.6,335.77
76,2012,Karnataka,Bijapur / Vijayapura,0.15,0.38,2533.33,72.99,63.04,863.68,13.76,5.34,388.08
76,2013,Karnataka,Bijapur / Vijayapura,0.1,0.31,3100.0,75.41,75.89,1006.37,11.38,4.91,431.46
76,2014,Karnataka,Bijapur / Vijayapura,0.08,0.23,2875.0,76.95,91.28,1186.22,18.42,7.72,419.11
76,2015,Karnataka,Bijapur / Vijayapura,0.08,0.23,2875.0,73.96,56.56,764.74,9.54,3.26,341.72
76,2016,Karnataka,Bijapur / Vijayapura,0.03,0.09,2774.19,56.13,59.82,1065.77,11.32,5.23,462.13
76,2017,Karnataka,Bijapur / Vijayapura,0.03,0.09,2866.67,68.7,79.05,1150.69,13.65,6.72,492.02
77,2010,Karnataka,Bidar,4.93,3.87,784.99,7.88,9.44,1197.97,0.79,0.15,189.87
77,2011,Karnataka,Bidar,6.49,4.46,687.21,6.91,7.49,1083.94,0.63,0.26,412.7
77,2012,Karnataka,Bidar,4.94,4.88,987.85,6.88,9.42,1369.19,0.55,0.23,418.18
77,2013,Karnataka,Bidar,3.57,5.54,1551.82,6.66,8.5,1276.28,0.32,0.17,531.25
77,2014,Karnataka,Bidar,2.06,1.99,966.02,4.34,5.39,1241.94,0.29,0.14,482.76
77,2015,Karnataka,Bidar,1.55,1.32,851.61,3.84,4.28,1114.58,0.28,0.09,321.43
77,2016,Karnataka,Bidar,0.52,0.63,1198.1,4.71,6.31,1340.48,0.05,0.02,377.65
77,2017,Karnataka,Bidar,1.02,1.9,1864.44,4.66,6.23,1338.63,0.49,0.31,629.63
78,2010,Karnataka,Raichur,252.89,787.56,3114.24,11.72,8.69,741.47,48.74,15.58,319.66
78,2011,Karnataka,Raichur,218.77,660.4,3018.7,6.73,3.51,521.55,49.63,13.33,268.59
78,2012,Karnataka,Raichur,228.59,735.3,3216.68,8.87,5.12,577.23,62.59,34.52,551.53
78,2013,Karnataka,Raichur,254.24,836.0,3288.23,8.04,6.98,868.16,67.86,34.43,507.37
78,2014,Karnataka,Raichur,237.74,733.65,3085.93,7.02,8.75,1246.44,127.87,63.43,496.05
78,2015,Karnataka,Raichur,166.0,527.46,3177.47,3.18,1.19,374.21,73.18,26.56,362.94
78,2016,Karnataka,Raichur,169.29,631.06,3727.77,2.89,1.01,348.32,50.1,32.01,638.86
78,2017,Karnataka,Raichur,167.4,546.61,3265.36,6.93,3.82,551.9,92.46,41.67,450.71
79,2010,Karnataka,Gulbarga / Kalaburagi,100.31,205.31,2046.76,19.5,27.02,1385.64,47.08,21.92,465.59
79,2011,Karnataka,Gulbarga / Kalaburagi,73.06,139.12,1904.19,18.2,27.19,1493.96,88.4,40.02,452.71
79,2012,Karnataka,Gulbarga / Kalaburagi,67.09,90.94,1355.49,12.37,15.66,1265.97,99.23,49.31,496.93
79,2013,Karnataka,Gulbarga / Kalaburagi,74.68,147.94,1980.99,14.03,24.03,1712.76,127.77,117.25,917.66
79,2014,Karnataka,Gulbarga / Kalaburagi,87.77,225.47,2568.87,15.23,24.89,1634.27,186.51,126.14,676.32
79,2015,Karnataka,Gulbarga / Kalaburagi,53.56,108.01,2016.62,9.48,9.5,1002.11,150.74,54.25,359.89
79,2016,Karnataka,Gulbarga / Kalaburagi,96.88,322.59,3329.87,9.41,18.73,1990.86,75.84,37.96,500.57
79,2017,Karnataka,Gulbarga / Kalaburagi,113.28,362.88,3203.49,11.07,23.02,2078.92,123.77,130.31,1052.86
80,2010,Karnataka,Dakshina Kannada,110.97,261.18,2353.61,0.0,0.0,0.0,0.0,0.0,0.0
80,2011,Karnataka,Dakshina Kannada,110.5,268.07,2425.97,0.0,0.0,0.0,0.0,0.0,0.0
80,2012,Karnataka,Dakshina Kannada,105.81,268.86,2540.97,0.0,0.0,0.0,0.0,0.0,0.0
80,2013,Karnataka,Dakshina Kannada,106.93,288.23,2695.5,0.0,0.0,0.0,0.0,0.0,0.0
80,2014,Karnataka,Dakshina Kannada,101.9,270.35,2653.09,0.0,0.0,0.0,0.0,0.0,0.0
80,2015,Karnataka,Dakshina Kannada,98.3,253.36,2577.42,0.0,0.0,0.0,0.0,0.0,0.0
80,2016,Karnataka,Dakshina Kannada,87.13,247.02,2835.18,0.0,0.0,0.0,0.0,0.0,0.0
80,2017,Karnataka,Dakshina Kannada,80.26,233.13,2904.74,0.0,0.0,0.0,0.0,0.0,0.0
81,2010,Karnataka,Uttara Kannada,79.02,150.72,1907.37,0.0,0.0,0.0,2.99,1.4,468.23
81,2011,Karnataka,Uttara Kannada,75.75,155.4,2051.49,0.0,0.0,0.0,2.59,0.46,177.61
81,2012,Karnataka,Uttara Kannada,74.28,150.07,2020.33,0.0,0.0,0.0,2.6,1.07,411.54
81,2013,Karnataka,Uttara Kannada,69.97,170.32,2434.19,0.0,0.0,0.0,1.35,0.5,370.37
81,2014,Karnataka,Uttara Kannada,68.51,152.7,2228.87,0.0,0.0,0.0,1.41,0.47,333.33
81,2015,Karnataka,Uttara Kannada,67.34,111.64,1657.86,0.0,0.0,0.0,1.27,0.42,330.71
81,2016,Karnataka,Uttara Kannada,66.67,130.86,1962.86,0.0,0.0,0.0,1.11,0.61,549.24
81,2017,Karnataka,Uttara Kannada,62.87,124.24,1976.12,0.0,0.0,0.0,1.21,0.78,647.7
82,2010,Karnataka,Kodagu / Coorg,35.44,93.45,2636.85,0.0,0.0,0.0,0.0,0.0,0.0
82,2011,Karnataka,Kodagu / Coorg,34.22,93.23,2724.43,0.0,0.0,0.0,0.0,0.0,0.0
82,2012,Karnataka,Kodagu / Coorg,31.37,77.78,2479.44,0.0,0.0,0.0,0.0,0.0,0.0
82,2013,Karnataka,Kodagu / Coorg,32.03,92.21,2878.86,0.0,0.0,0.0,0.0,0.0,0.0
82,2014,Karnataka,Kodagu / Coorg,30.96,86.9,2806.85,0.0,0.0,0.0,0.0,0.0,0.0
82,2015,Karnataka,Kodagu / Coorg,28.34,76.49,2699.01,0.0,0.0,0.0,0.0,0.0,0.0
82,2016,Karnataka,Kodagu / Coorg,27.93,67.9,2431.41,0.0,0.0,0.0,0.0,0.0,0.0
82,2017,Karnataka,Kodagu / Coorg,27.17,64.26,2364.95,0.0,0.0,0.0,0.0,0.0,0.0
83,2010,Tamil Nadu,Chengalpattu MGR / Kanchipuram,178.96,628.84,3513.86,0.0,0.0,0.0,0.0,0.0,0.0
83,2011,Tamil Nadu,Chengalpattu MGR / Kanchipuram,169.64,708.45,4176.2,0.0,0.0,0.0,0.0,0.0,0.0
83,2012,Tamil Nadu,Chengalpattu MGR / Kanchipuram,156.12,645.34,4133.62,0.0,0.0,0.0,0.0,0.0,0.0
83,2013,Tamil Nadu,Chengalpattu MGR / Kanchipuram,181.39,843.36,4649.43,0.0,0.0,0.0,0.0,0.0,0.0
83,2014,Tamil Nadu,Chengalpattu MGR / Kanchipuram,158.23,716.1,4525.69,0.0,0.0,0.0,0.01,0.0,0.0
83,2015,Tamil Nadu,Chengalpattu MGR / Kanchipuram,199.14,748.5,3758.66,0.0,0.0,0.0,0.0,0.0,0.0
83,2016,Tamil Nadu,Chengalpattu MGR / Kanchipuram,169.58,585.18,3450.65,0.0,0.0,0.0,0.0,0.0,180.0
83,2017,Tamil Nadu,Chengalpattu MGR / Kanchipuram,193.22,807.43,4178.74,0.0,0.0,0.0,0.0,0.0,0.0
84,2010,Tamil Nadu,South Arcot / Cuddalore,265.75,813.52,3061.22,0.0,0.0,0.0,11.73,2.86,243.82
84,2011,Tamil Nadu,South Arcot / Cuddalore,250.84,719.86,2869.8,0.0,0.0,0.0,12.0,4.69,390.83
84,2012,Tamil Nadu,South Arcot / Cuddalore,227.55,735.82,3233.66,0.0,0.0,0.0,12.01,4.97,413.82
84,2013,Tamil Nadu,South Arcot / Cuddalore,297.93,1362.57,4573.46,0.0,0.0,0.0,18.2,9.3,510.99
84,2014,Tamil Nadu,South Arcot / Cuddalore,306.16,1474.55,4816.27,0.0,0.0,0.0,16.87,9.49,562.54
84,2015,Tamil Nadu,South Arcot / Cuddalore,322.29,1280.44,3972.94,0.0,0.0,0.0,16.21,4.16,256.63
84,2016,Tamil Nadu,South Arcot / Cuddalore,314.21,1233.22,3924.87,0.0,0.0,0.0,11.35,2.32,204.7
84,2017,Tamil Nadu,South Arcot / Cuddalore,294.85,1267.83,4299.84,0.0,0.0,0.0,19.37,0.01,0.34
85,2010,Tamil Nadu,North Arcot / Vellore,168.71,510.52,3026.02,0.0,0.0,0.0,6.9,2.66,385.51
85,2011,Tamil Nadu,North Arcot / Vellore,101.93,453.75,4451.58,0.02,0.0,0.0,7.9,2.76,349.37
85,2012,Tamil Nadu,North Arcot / Vellore,127.48,478.31,3752.04,0.0,0.0,0.0,8.24,3.24,393.2
85,2013,Tamil Nadu,North Arcot / Vellore,122.0,551.9,4523.77,0.0,0.0,0.0,6.77,3.22,475.63
85,2014,Tamil Nadu,North Arcot / Vellore,129.71,633.96,4887.52,0.0,0.0,0.0,9.03,4.46,493.91
85,2015,Tamil Nadu,North Arcot / Vellore,190.65,752.96,3949.44,0.0,0.0,0.0,8.44,2.66,315.17
85,2016,Tamil Nadu,North Arcot / Vellore,183.45,737.75,4021.55,0.0,0.0,0.0,6.36,1.95,306.87
85,2017,Tamil Nadu,North Arcot / Vellore,216.65,959.42,4428.49,0.0,0.0,0.0,6.93,0.0,0.52
86,2010,Tamil Nadu,Salem,86.56,365.08,4217.65,0.03,0.0,0.0,25.54,11.3,442.44
86,2011,Tamil Nadu,Salem,83.06,380.75,4584.04,0.01,0.0,0.0,32.62,16.82,515.63
86,2012,Tamil Nadu,Salem,48.23,199.06,4127.31,0.06,0.0,0.0,33.71,16.63,493.33
86,2013,Tamil Nadu,Salem,85.72,423.97,4945.99,0.0,0.0,0.0,29.48,17.3,586.84
86,2014,Tamil Nadu,Salem,67.32,345.33,5129.68,0.0,0.0,0.0,34.43,21.15,614.29
86,2015,Tamil Nadu,Salem,92.85,434.67,4681.42,0.0,0.0,0.0,27.91,13.18,472.23
86,2016,Tamil Nadu,Salem,80.0,374.14,4676.96,0.0,0.0,0.0,30.0,8.47,282.49
86,2017,Tamil Nadu,Salem,73.11,360.43,4929.77,0.0,0.0,0.0,37.06,0.02,0.5
87,2010,Tamil Nadu,Coimbatore,101.47,242.76,2392.48,0.0,0.0,0.0,1.09,0.47,435.78
87,2011,Tamil Nadu,Coimbatore,100.52,369.22,3672.92,0.0,0.0,0.0,1.79,1.11,621.17
87,2012,Tamil Nadu,Coimbatore,85.87,248.58,2894.67,0.0,0.0,0.0,0.76,0.23,304.64
87,2013,Tamil Nadu,Coimbatore,78.57,151.73,1931.27,0.0,0.0,0.0,0.53,0.23,428.57
87,2014,Tamil Nadu,Coimbatore,74.8,320.06,4278.88,0.0,0.0,0.0,0.92,0.53,581.52
87,2015,Tamil Nadu,Coimbatore,80.98,291.01,3593.32,0.0,0.0,0.0,0.99,0.42,426.4
87,2016,Tamil Nadu,Coimbatore,70.87,265.71,3749.48,0.0,0.0,0.0,0.96,0.24,246.27
87,2017,Tamil Nadu,Coimbatore,90.17,195.35,2166.46,0.0,0.0,0.0,0.93,0.0,0.39
88,2010,Tamil Nadu,Tiruchirapalli / Trichy,150.38,598.76,3981.63,0.0,0.0,0.0,48.55,14.21,292.69
88,2011,Tamil Nadu,Tiruchirapalli / Trichy,144.77,638.76,4412.36,0.0,0.0,0.0,49.21,24.83,504.61
88,2012,Tamil Nadu,Tiruchirapalli / Trichy,85.54,259.44,3032.89,0.0,0.0,0.0,50.5,10.61,210.05
88,2013,Tamil Nadu,Tiruchirapalli / Trichy,115.8,589.95,5094.65,0.0,0.0,0.0,57.26,28.64,500.26
88,2014,Tamil Nadu,Tiruchirapalli / Trichy,125.77,609.89,4849.1,0.0,0.0,0.0,71.9,41.66,579.35
88,2015,Tamil Nadu,Tiruchirapalli / Trichy,137.32,601.54,4380.47,0.0,0.0,0.0,45.54,12.93,284.0
88,2016,Tamil Nadu,Tiruchirapalli / Trichy,123.55,529.5,4285.73,0.0,0.0,0.0,43.48,8.76,201.55
88,2017,Tamil Nadu,Tiruchirapalli / Trichy,99.63,476.51,4782.99,0.0,0.0,0.0,59.88,0.03,0.45
89,2010,Tamil Nadu,Thanjavur,496.12,1140.85,2299.56,0.0,0.0,0.0,2.16,1.06,493.32
89,2011,Tamil Nadu,Thanjavur,450.12,1813.04,4027.91,0.0,0.0,0.0,2.92,1.63,560.22
89,2012,Tamil Nadu,Thanjavur,450.22,834.93,1854.48,0.0,0.0,0.0,3.3,1.37,415.35
89,2013,Tamil Nadu,Thanjavur,507.5,2316.46,4564.48,0.0,0.0,0.0,8.21,4.59,559.45
89,2014,Tamil Nadu,Thanjavur,543.51,2195.63,4039.75,0.0,0.0,0.0,10.09,4.79,474.67
89,2015,Tamil Nadu,Thanjavur,548.65,1696.83,3092.72,0.0,0.0,0.0,9.34,5.03,538.0
89,2016,Tamil Nadu,Thanjavur,541.98,1356.07,2502.07,0.0,0.0,0.0,12.16,7.0,576.06
89,2017,Tamil Nadu,Thanjavur,520.25,1840.14,3537.05,0.0,0.0,0.0,7.66,0.0,0.6
90,2010,Tamil Nadu,Madurai,94.77,432.12,4559.67,0.02,0.0,0.0,9.92,3.8,383.06
90,2011,Tamil Nadu,Madurai,99.54,486.75,4889.99,0.0,0.0,0.0,11.08,5.21,470.22
90,2012,Tamil Nadu,Madurai,37.82,143.45,3792.97,0.0,0.0,0.0,8.51,2.59,304.35
90,2013,Tamil Nadu,Madurai,52.0,240.54,4625.77,0.0,0.0,0.0,9.34,3.48,372.59
90,2014,Tamil Nadu,Madurai,73.63,340.08,4618.77,0.0,0.0,0.0,14.24,8.69,610.25
90,2015,Tamil Nadu,Madurai,85.6,354.99,4147.08,0.0,0.0,0.0,14.61,7.17,490.76
90,2016,Tamil Nadu,Madurai,77.18,313.06,4056.26,0.0,0.0,0.0,15.77,3.02,191.8
90,2017,Tamil Nadu,Madurai,36.78,171.29,4656.49,0.0,0.0,0.0,19.67,0.01,0.44
91,2010,Tamil Nadu,Ramananthapuram,245.9,536.94,2183.57,0.0,0.0,0.0,9.2,2.7,293.48
91,2011,Tamil Nadu,Ramananthapuram,242.4,866.89,3576.28,0.0,0.0,0.0,11.94,4.83,404.52
91,2012,Tamil Nadu,Ramananthapuram,210.11,239.34,1139.12,0.0,0.0,0.0,9.95,2.26,227.14
91,2013,Tamil Nadu,Ramananthapuram,196.9,148.16,752.46,0.0,0.0,0.0,13.19,6.1,462.47
91,2014,Tamil Nadu,Ramananthapuram,201.57,729.45,3618.84,0.0,0.0,0.0,15.8,6.33,400.63
91,2015,Tamil Nadu,Ramananthapuram,212.4,593.55,2794.49,0.0,0.0,0.0,15.78,7.01,444.23
91,2016,Tamil Nadu,Ramananthapuram,215.67,446.92,2072.3,0.0,0.0,0.0,18.24,3.27,179.37
91,2017,Tamil Nadu,Ramananthapuram,217.34,438.45,2017.36,0.0,0.0,0.0,20.03,0.01,0.28
92,2010,Tamil Nadu,Thirunelveli,99.77,441.26,4422.77,0.0,0.0,0.0,5.66,3.06,540.64
92,2011,Tamil Nadu,Thirunelveli,121.6,441.97,3634.62,0.0,0.0,0.0,6.33,2.98,470.77
92,2012,Tamil Nadu,Thirunelveli,51.63,207.05,4010.27,0.0,0.0,0.0,6.26,1.51,241.21
92,2013,Tamil Nadu,Thirunelveli,74.01,418.44,5653.83,0.0,0.0,0.0,8.01,2.08,259.68
92,2014,Tamil Nadu,Thirunelveli,101.1,517.33,5117.01,0.0,0.0,0.0,13.42,10.7,797.32
92,2015,Tamil Nadu,Thirunelveli,117.07,563.01,4809.17,0.0,0.0,0.0,9.29,6.22,669.54
92,2016,Tamil Nadu,Thirunelveli,48.44,179.75,3710.76,0.0,0.0,0.0,9.89,1.22,123.54
92,2017,Tamil Nadu,Thirunelveli,77.0,355.16,4612.54,0.0,0.0,0.0,10.09,0.0,0.39
93,2010,Tamil Nadu,The Nilgiris,0.39,1.4,3589.74,0.0,0.0,0.0,0.01,0.0,0.0
93,2011,Tamil Nadu,The Nilgiris,0.4,1.65,4125.0,0.0,0.0,0.0,0.01,0.0,0.0
93,2012,Tamil Nadu,The Nilgiris,0.29,1.15,3965.52,0.01,0.0,0.0,0.01,0.0,0.0
93,2013,Tamil Nadu,The Nilgiris,0.33,1.42,4303.03,0.0,0.0,0.0,0.01,0.0,0.0
93,2014,Tamil Nadu,The Nilgiris,0.03,0.15,5000.0,0.0,0.0,0.0,0.01,0.0,0.0
93,2015,Tamil Nadu,The Nilgiris,0.32,1.42,4437.5,0.0,0.0,0.0,0.0,0.0,0.0
93,2016,Tamil Nadu,The Nilgiris,0.24,1.04,4292.18,0.01,0.0,0.0,0.0,0.0,0.0
93,2017,Tamil Nadu,The Nilgiris,0.24,0.92,3853.56,0.0,0.0,0.0,0.0,0.0,0.0
94,2010,Tamil Nadu,Kanyakumari,16.99,80.39,4731.61,0.0,0.0,0.0,0.0,0.0,0.0
94,2011,Tamil Nadu,Kanyakumari,16.62,90.11,5421.78,0.0,0.0,0.0,0.0,0.0,0.0
94,2012,Tamil Nadu,Kanyakumari,12.41,57.88,4663.98,0.0,0.0,0.0,0.0,0.0,0.0
94,2013,Tamil Nadu,Kanyakumari,13.62,66.7,4897.21,0.0,0.0,0.0,0.0,0.0,0.0
94,2014,Tamil Nadu,Kanyakumari,13.18,66.94,5078.91,0.0,0.0,0.0,0.0,0.0,0.0
94,2015,Tamil Nadu,Kanyakumari,12.96,55.79,4304.78,0.0,0.0,0.0,0.0,0.0,0.0
94,2016,Tamil Nadu,Kanyakumari,12.16,48.67,4003.78,0.0,0.0,0.0,0.0,0.0,0.0
94,2017,Tamil Nadu,Kanyakumari,9.63,33.03,3431.03,0.0,0.0,0.0,0.0,0.0,0.0
95,2010,Maharashtra,Bombay,0.0,0.0,0.0,0.0,0.0,0.0,0.0,0.0,0.0
95,2011,Maharashtra,Bombay,0.0,0.0,0.0,0.0,0.0,0.0,0.0,0.0,0.0
95,2012,Maharashtra,Bombay,0.0,0.0,0.0,0.0,0.0,0.0,0.0,0.0,0.0
95,2016,Maharashtra,Bombay,0.0,0.0,0.0,0.0,0.0,0.0,0.0,0.0,0.0
96,2010,Maharashtra,Thane,138.3,280.58,2028.78,0.1,0.15,1500.0,0.0,0.0,0.0
96,2011,Maharashtra,Thane,140.4,343.98,2450.0,0.1,0.1,1000.0,0.0,0.0,0.0
96,2012,Maharashtra,Thane,139.6,362.94,2599.86,0.0,0.0,0.0,0.0,0.0,0.0
96,2013,Maharashtra,Thane,139.6,334.0,2392.55,0.0,0.0,0.0,0.0,0.0,0.0
96,2014,Maharashtra,Thane,132.8,328.7,2475.15,0.0,0.0,0.0,0.0,0.0,0.0
96,2015,Maharashtra,Thane,133.9,306.5,2289.02,0.04,0.04,1000.0,0.0,0.0,0.0
96,2016,Maharashtra,Thane,132.7,375.3,2828.18,0.04,0.1,2833.33,0.0,0.0,0.0
96,2017,Maharashtra,Thane,132.68,246.3,1856.37,0.02,0.02,1419.35,0.0,0.0,0.0
97,2010,Maharashtra,Raigad,126.2,299.08,2369.89,0.0,0.0,0.0,0.0,0.0,0.0
97,2011,Maharashtra,Raigad,126.8,306.16,2414.51,0.0,0.0,0.0,0.0,0.0,0.0
97,2012,Maharashtra,Raigad,127.9,333.33,2606.18,0.0,0.0,0.0,0.0,0.0,0.0
97,2013,Maharashtra,Raigad,127.9,365.9,2860.83,0.0,0.0,0.0,0.0,0.0,0.0
97,2014,Maharashtra,Raigad,125.3,350.8,2799.68,0.0,0.0,0.0,0.0,0.0,0.0
97,2015,Maharashtra,Raigad,115.6,339.9,2940.31,0.01,0.01,1000.0,0.0,0.0,0.0
97,2016,Maharashtra,Raigad,113.3,309.1,2728.16,0.0,0.0,0.0,0.0,0.0,0.0
97,2017,Maharashtra,Raigad,114.24,310.8,2720.66,0.0,0.0,0.0,0.0,0.0,0.0
98,2010,Maharashtra,Ratnagiri,156.0,430.11,2757.12,0.0,0.0,0.0,0.0,0.0,0.0
98,2011,Maharashtra,Ratnagiri,155.5,437.44,2813.12,0.0,0.0,0.0,0.0,0.0,0.0
98,2012,Maharashtra,Ratnagiri,150.7,428.18,2841.27,0.0,0.0,0.0,0.0,0.0,0.0
98,2013,Maharashtra,Ratnagiri,148.9,451.6,3032.91,0.0,0.0,0.0,0.0,0.0,0.0
98,2014,Maharashtra,Ratnagiri,142.5,448.3,3145.96,0.0,0.0,0.0,0.0,0.0,0.0
98,2015,Maharashtra,Ratnagiri,138.2,370.2,2678.73,0.0,0.0,0.0,0.0,0.0,0.0
98,2016,Maharashtra,Ratnagiri,139.34,445.3,3195.78,0.0,0.0,0.0,0.0,0.0,0.0
98,2017,Maharashtra,Ratnagiri,139.25,430.7,3093.02,0.0,0.0,0.0,0.0,0.0,0.0
99,2010,Maharashtra,Nasik,59.1,24.03,406.6,75.3,143.7,1908.37,50.5,17.1,338.61
99,2011,Maharashtra,Nasik,62.9,77.8,1236.88,52.4,102.6,1958.02,47.0,16.4,348.94
99,2012,Maharashtra,Nasik,67.9,80.79,1189.84,32.4,53.17,1641.05,45.7,13.05,285.56
99,2013,Maharashtra,Nasik,72.6,93.3,1285.12,65.9,111.9,1698.03,46.0,18.14,394.35
99,2014,Maharashtra,Nasik,71.2,86.7,1217.7,72.4,111.2,1535.91,46.0,8.05,175.0
99,2015,Maharashtra,Nasik,69.6,101.1,1452.59,60.0,81.1,1351.67,43.3,4.84,111.78
99,2016,Maharashtra,Nasik,71.9,145.8,2027.82,79.2,177.6,2242.42,46.7,28.53,610.92
99,2017,Maharashtra,Nasik,72.5,153.6,2118.62,112.46,223.6,1988.3,65.4,25.94,396.61
100,2010,Maharashtra,Dhule,28.4,31.38,1104.93,53.0,119.55,2255.66,189.1,76.93,406.82
100,2011,Maharashtra,Dhule,27.3,37.0,1355.31,52.3,126.64,2421.42,213.4,59.75,279.99
100,2012,Maharashtra,Dhule,27.2,35.76,1314.71,61.5,133.26,2166.83,239.7,60.63,252.94
100,2013,Maharashtra,Dhule,30.2,30.0,993.38,68.7,123.3,1794.76,275.4,104.85,380.72
100,2014,Maharashtra,Dhule,18.3,9.0,491.8,57.9,104.8,1810.02,328.5,64.7,196.96
100,2015,Maharashtra,Dhule,21.2,20.0,943.4,66.5,108.0,1624.06,344.7,61.78,179.23
100,2016,Maharashtra,Dhule,31.7,39.9,1258.68,58.8,125.0,2125.85,281.6,89.59,318.13
100,2017,Maharashtra,Dhule,33.6,44.2,1315.48,75.66,159.7,2110.73,297.0,102.89,346.42
101,2010,Maharashtra,Jalgaon,0.0,0.0,0.0,66.0,164.59,2493.79,509.7,186.5,365.9
101,2011,Maharashtra,Jalgaon,0.2,0.3,1500.0,25.9,60.23,2325.48,548.6,176.87,322.4
101,2012,Maharashtra,Jalgaon,0.03,0.0,0.0,25.3,52.97,2093.68,558.8,145.06,259.59
101,2013,Maharashtra,Jalgaon,0.0,0.0,0.0,25.3,64.8,2561.27,558.8,270.72,484.47
101,2014,Maharashtra,Jalgaon,0.0,0.0,0.0,49.6,81.1,1635.08,471.1,138.26,293.48
101,2015,Maharashtra,Jalgaon,0.0,0.0,0.0,42.3,63.5,1501.18,461.6,109.06,236.27
101,2016,Maharashtra,Jalgaon,0.0,0.0,0.0,52.7,106.1,2013.28,504.2,263.21,522.04
101,2017,Maharashtra,Jalgaon,0.0,0.0,0.0,51.01,97.3,1907.32,514.3,150.28,292.21
102,2010,Maharashtra,Ahmednagar,7.5,7.03,937.33,133.7,248.91,1861.71,101.7,37.59,369.62
102,2011,Maharashtra,Ahmednagar,7.9,7.8,987.34,48.1,88.69,1843.87,112.0,40.48,361.43
102,2012,Maharashtra,Ahmednagar,7.5,4.61,614.67,38.9,46.09,1184.83,96.2,14.98,155.72
102,2013,Maharashtra,Ahmednagar,7.9,19.0,2405.06,51.9,100.7,1940.27,104.7,40.03,382.33
102,2014,Maharashtra,Ahmednagar,8.6,2.2,255.81,57.2,85.0,1486.01,102.6,17.41,169.69
102,2015,Maharashtra,Ahmednagar,14.0,17.2,1228.57,41.1,50.1,1218.98,73.6,7.02,95.38
102,2016,Maharashtra,Ahmednagar,15.0,26.2,1746.67,60.0,127.2,2120.0,132.4,25.09,189.52
102,2017,Maharashtra,Ahmednagar,16.2,37.3,2302.47,79.8,177.5,2224.31,132.8,39.71,299.01
103,2010,Maharashtra,Pune,60.9,71.92,1180.95,60.0,115.93,1932.17,0.01,0.01,1000.0
103,2011,Maharashtra,Pune,62.0,85.6,1380.65,55.3,105.56,1908.86,0.0,0.01,0.0
103,2012,Maharashtra,Pune,77.6,106.16,1368.04,53.0,93.82,1770.19,0.0,0.0,0.0
103,2013,Maharashtra,Pune,82.1,153.2,1866.02,64.3,129.9,2020.22,0.0,0.0,0.0
103,2014,Maharashtra,Pune,82.1,136.1,1657.73,71.8,108.3,1508.36,0.0,0.0,0.0
103,2015,Maharashtra,Pune,54.6,107.3,1965.2,62.0,129.6,2090.32,0.0,0.0,0.0
103,2016,Maharashtra,Pune,53.5,115.4,2157.01,68.9,165.2,2397.68,0.0,0.0,0.0
103,2017,Maharashtra,Pune,52.0,124.0,2384.62,72.4,177.2,2447.51,0.0,0.0,0.0
104,2010,Maharashtra,Satara,50.8,82.24,1618.9,43.7,86.48,1978.95,1.6,0.23,143.75
104,2011,Maharashtra,Satara,50.5,83.0,1643.56,36.6,67.82,1853.01,1.0,0.29,290.0
104,2012,Maharashtra,Satara,51.0,70.04,1373.33,35.0,58.54,1672.57,0.1,0.06,600.0
104,2013,Maharashtra,Satara,50.4,75.6,1500.0,33.8,62.2,1840.24,0.2,0.09,450.0
104,2014,Maharashtra,Satara,52.9,94.7,1790.17,38.3,61.4,1603.13,0.1,0.02,200.0
104,2015,Maharashtra,Satara,52.7,79.7,1512.33,29.7,49.0,1649.83,0.1,0.01,100.0
104,2016,Maharashtra,Satara,47.0,82.1,1746.81,35.6,71.2,2000.0,0.1,0.04,360.0
104,2017,Maharashtra,Satara,45.8,83.0,1812.23,37.2,75.1,2018.82,0.09,0.02,211.76
105,2010,Maharashtra,Sangli,20.2,53.87,2666.83,39.3,72.93,1855.73,3.52,0.7,198.86
105,2011,Maharashtra,Sangli,18.1,33.7,1861.88,20.0,34.03,1701.5,3.0,0.88,293.33
105,2012,Maharashtra,Sangli,17.5,33.74,1928.0,20.1,36.48,1814.93,2.6,1.48,569.23
105,2013,Maharashtra,Sangli,14.5,25.5,1758.62,26.2,51.5,1965.65,2.8,1.12,400.0
105,2014,Maharashtra,Sangli,15.5,31.4,2025.81,32.5,70.9,2181.54,1.4,0.25,178.57
105,2015,Maharashtra,Sangli,22.6,43.4,1920.35,19.2,32.4,1687.5,1.0,0.09,90.0
105,2016,Maharashtra,Sangli,16.8,42.9,2553.57,25.6,63.6,2484.37,0.6,0.32,540.0
105,2017,Maharashtra,Sangli,17.0,39.3,2311.76,25.1,49.8,1984.06,0.25,0.04,141.73
106,2010,Maharashtra,Solapur,0.7,0.23,328.57,87.8,122.94,1400.23,1.8,0.89,494.44
106,2011,Maharashtra,Solapur,0.7,0.2,285.71,29.3,34.89,1190.78,0.9,0.41,455.56
106,2012,Maharashtra,Solapur,0.4,0.09,225.0,28.8,21.81,757.29,0.5,0.28,560.0
106,2013,Maharashtra,Solapur,0.4,0.1,250.0,35.7,35.8,1002.8,0.5,0.13,260.0
106,2014,Maharashtra,Solapur,0.4,0.1,250.0,42.2,54.6,1293.84,0.6,0.22,366.67
106,2015,Maharashtra,Solapur,0.2,0.0,0.0,41.3,28.8,697.34,0.9,0.13,144.44
106,2016,Maharashtra,Solapur,0.2,0.04,215.0,58.1,77.78,1338.73,0.9,0.25,274.0
106,2017,Maharashtra,Solapur,0.6,0.07,116.67,68.7,81.83,1191.12,0.3,0.07,240.0
107,2010,Maharashtra,Kolhapur,112.0,323.12,2885.0,8.6,22.84,2655.81,0.1,0.04,400.0
107,2011,Maharashtra,Kolhapur,104.9,280.88,2677.6,8.5,21.1,2482.35,0.0,0.0,0.0
107,2012,Maharashtra,Kolhapur,108.5,283.96,2617.14,9.1,19.96,2193.41,0.0,0.0,0.0
107,2013,Maharashtra,Kolhapur,109.6,341.8,3118.61,16.6,41.7,2512.05,0.0,0.0,0.0
107,2014,Maharashtra,Kolhapur,111.8,338.6,3028.62,6.8,15.1,2220.59,0.0,0.0,0.0
107,2015,Maharashtra,Kolhapur,112.4,276.6,2460.85,2.0,4.5,2250.0,0.0,0.0,0.0
107,2016,Maharashtra,Kolhapur,114.2,397.8,3483.36,4.3,9.7,2255.81,0.0,0.0,0.0
107,2017,Maharashtra,Kolhapur,109.46,334.3,3054.2,2.8,6.5,2321.43,0.01,0.0,166.15
108,2010,Maharashtra,Aurangabad,0.01,0.02,2000.0,106.2,209.98,1977.21,636.2,281.5,442.47
108,2011,Maharashtra,Aurangabad,0.0,0.0,0.0,60.6,103.24,1703.63,686.2,208.0,303.12
108,2012,Maharashtra,Aurangabad,0.0,0.0,0.0,30.8,24.4,792.21,668.3,96.67,144.65
108,2013,Maharashtra,Aurangabad,0.0,0.0,0.0,45.2,67.9,1502.21,721.4,309.15,428.54
108,2014,Maharashtra,Aurangabad,0.0,0.0,0.0,37.3,35.4,949.06,716.8,72.61,101.3
108,2015,Maharashtra,Aurangabad,0.0,0.0,0.0,43.8,41.6,949.77,744.1,75.67,101.69
108,2016,Maharashtra,Aurangabad,6.5,3.1,476.92,103.6,198.4,1915.06,772.9,304.4,393.84
108,2017,Maharashtra,Aurangabad,0.0,0.0,0.0,103.1,153.6,1489.82,800.89,106.16,132.56
109,2010,Maharashtra,Parbhani,5.1,2.47,484.31,80.8,136.68,1691.58,314.3,91.46,291.0
109,2011,Maharashtra,Parbhani,2.3,0.8,347.83,75.6,126.73,1676.32,330.1,94.67,286.79
109,2012,Maharashtra,Parbhani,2.0,0.33,165.0,51.2,73.63,1438.09,374.5,134.32,358.66
109,2013,Maharashtra,Parbhani,0.7,0.3,428.57,98.1,97.5,993.88,361.9,135.25,373.72
109,2014,Maharashtra,Parbhani,0.3,0.0,0.0,71.8,51.8,721.45,368.2,52.23,141.85
109,2015,Maharashtra,Parbhani,0.0,0.0,0.0,39.6,21.9,553.03,356.4,27.76,77.89
109,2016,Maharashtra,Parbhani,0.02,0.0,200.0,61.99,97.8,1577.67,242.63,166.64,686.81
109,2017,Maharashtra,Parbhani,0.0,0.0,0.0,67.0,70.1,1046.27,272.1,90.32,331.95
110,2010,Maharashtra,Beed,0.8,0.34,425.0,63.6,82.54,1297.8,276.8,71.77,259.28
110,2011,Maharashtra,Beed,0.6,0.28,466.67,39.8,52.77,1325.88,329.0,71.22,216.47
110,2012,Maharashtra,Beed,0.6,0.27,450.0,27.7,27.04,976.17,329.0,57.97,176.2
110,2013,Maharashtra,Beed,0.5,0.3,600.0,57.8,57.1,987.89,338.6,98.35,290.46
110,2014,Maharashtra,Beed,0.4,0.1,250.0,59.1,40.0,676.82,373.3,30.17,80.82
110,2015,Maharashtra,Beed,0.3,0.0,0.0,48.0,13.2,275.0,334.1,18.18,54.41
110,2016,Maharashtra,Beed,0.1,0.07,700.0,47.2,79.43,1682.84,341.4,85.85,251.46
110,2017,Maharashtra,Beed,0.06,0.03,461.54,53.9,57.59,1068.46,348.51,50.0,143.48
111,2010,Maharashtra,Nanded,5.2,2.71,521.15,49.0,82.68,1687.35,302.1,78.58,260.11
111,2011,Maharashtra,Nanded,4.0,1.5,375.0,31.1,54.05,1737.94,326.6,88.56,271.16
111,2012,Maharashtra,Nanded,4.0,2.09,522.5,30.4,43.48,1430.26,326.6,89.62,274.4
111,2013,Maharashtra,Nanded,0.8,0.4,500.0,38.9,43.8,1125.96,321.1,64.96,202.3
111,2014,Maharashtra,Nanded,0.8,0.1,125.0,39.5,29.2,739.24,342.3,31.82,92.96
111,2015,Maharashtra,Nanded,0.4,0.1,250.0,22.3,10.1,452.91,352.7,43.31,122.8
111,2016,Maharashtra,Nanded,0.7,1.3,1857.14,60.6,75.7,1249.17,364.3,114.37,313.95
111,2017,Maharashtra,Nanded,0.81,1.2,1485.15,46.1,46.0,997.83,299.54,56.11,187.31
112,2010,Maharashtra,Osmanabad,17.5,6.19,353.71,75.3,89.27,1185.52,21.6,7.94,367.59
112,2011,Maharashtra,Osmanabad,17.4,7.3,419.54,59.4,80.85,1361.11,25.4,8.71,342.91
112,2012,Maharashtra,Osmanabad,19.8,7.77,392.42,55.2,58.63,1062.14,31.5,8.19,260.0
112,2013,Maharashtra,Osmanabad,20.7,11.5,555.56,61.9,86.1,1390.95,33.7,12.87,381.9
112,2014,Maharashtra,Osmanabad,18.9,3.6,190.48,71.3,17.9,251.05,33.1,4.63,139.88
112,2015,Maharashtra,Osmanabad,10.0,0.9,90.0,44.1,13.3,301.59,18.7,1.51,80.75
112,2016,Maharashtra,Osmanabad,9.6,2.1,218.75,83.2,108.5,1304.09,16.0,5.92,370.13
112,2017,Maharashtra,Osmanabad,10.3,3.0,291.26,47.1,31.0,658.17,16.56,3.55,214.14
113,2010,Maharashtra,Buldhana,0.0,0.0,0.0,53.8,92.74,1723.79,251.5,74.14,294.79
113,2011,Maharashtra,Buldhana,0.0,0.0,0.0,41.1,67.85,1650.85,256.9,54.69,212.88
113,2012,Maharashtra,Buldhana,0.0,0.0,0.0,36.1,53.62,1485.32,253.9,58.83,231.71
113,2013,Maharashtra,Buldhana,0.0,0.0,0.0,59.0,73.9,1252.54,227.9,115.13,505.18
113,2014,Maharashtra,Buldhana,0.0,0.0,0.0,73.5,95.5,1299.32,174.3,23.85,136.83
113,2015,Maharashtra,Buldhana,0.0,0.0,0.0,60.1,48.8,811.98,170.7,29.84,174.81
113,2016,Maharashtra,Buldhana,0.01,0.0,400.0,103.88,162.4,1563.34,169.55,92.99,548.44
113,2017,Maharashtra,Buldhana,0.0,0.0,0.0,35.92,56.3,1567.37,174.54,32.56,186.56
114,2010,Maharashtra,Akola,0.0,0.0,0.0,59.7,125.06,2094.81,229.82,67.6,294.14
114,2011,Maharashtra,Akola,0.2,0.2,1000.0,36.8,61.19,1662.77,233.4,61.74,264.52
114,2012,Maharashtra,Akola,0.0,0.0,0.0,36.8,61.01,1657.88,226.1,70.02,309.69
114,2013,Maharashtra,Akola,0.0,0.0,0.0,50.8,75.4,1484.25,181.8,68.56,377.12
114,2014,Maharashtra,Akola,0.0,0.0,0.0,49.2,66.6,1353.66,167.2,25.09,150.06
114,2015,Maharashtra,Akola,0.0,0.0,0.0,44.5,38.7,869.66,161.6,38.61,238.92
114,2016,Maharashtra,Akola,0.0,0.0,0.0,50.4,81.7,1621.03,173.5,86.44,498.19
114,2017,Maharashtra,Akola,0.0,0.0,0.0,25.5,37.0,1450.98,183.8,46.46,252.76
115,2010,Maharashtra,Amarawati,3.8,2.76,726.32,54.7,105.37,1926.33,204.28,57.16,279.81
115,2011,Maharashtra,Amarawati,4.1,3.1,756.1,32.5,58.87,1811.38,187.4,45.94,245.14
115,2012,Maharashtra,Amarawati,3.8,1.55,407.89,36.1,71.51,1980.89,191.3,103.95,543.39
115,2013,Maharashtra,Amarawati,4.7,0.8,170.21,42.0,65.0,1547.62,186.7,113.98,610.5
115,2014,Maharashtra,Amarawati,5.3,1.6,301.89,66.4,87.2,1313.25,196.5,35.32,179.75
115,2015,Maharashtra,Amarawati,5.6,1.2,214.29,68.0,69.3,1019.12,200.0,75.06,375.3
115,2016,Maharashtra,Amarawati,6.9,4.6,666.67,73.6,111.9,1520.38,200.3,144.72,722.52
115,2017,Maharashtra,Amarawati,8.9,3.0,337.08,39.3,69.4,1765.9,207.46,68.45,329.97
116,2010,Maharashtra,Yeotmal,0.0,0.0,0.0,41.7,61.4,1472.42,479.8,131.9,274.91
116,2011,Maharashtra,Yeotmal,0.1,0.1,1000.0,34.1,58.45,1714.08,481.1,121.29,252.11
116,2012,Maharashtra,Yeotmal,0.1,0.04,400.0,36.1,64.59,1789.2,467.6,166.84,356.8
116,2013,Maharashtra,Yeotmal,0.1,0.0,0.0,34.5,30.7,889.86,416.3,126.07,302.83
116,2014,Maharashtra,Yeotmal,0.0,0.0,0.0,29.1,26.8,920.96,421.0,51.73,122.87
116,2015,Maharashtra,Yeotmal,0.0,0.0,0.0,35.6,37.6,1056.18,432.9,87.01,200.99
116,2016,Maharashtra,Yeotmal,0.0,0.0,0.0,60.2,77.9,1294.02,420.7,197.62,469.75
116,2017,Maharashtra,Yeotmal,0.0,0.0,0.0,12.8,13.0,1015.62,470.3,85.95,182.76
117,2010,Maharashtra,Wardha,0.0,0.0,0.0,29.5,49.01,1661.36,190.6,44.71,234.58
117,2011,Maharashtra,Wardha,0.0,0.0,0.0,23.1,34.43,1490.48,178.4,57.23,320.8
117,2012,Maharashtra,Wardha,0.0,0.0,0.0,23.7,36.05,1521.1,172.4,55.24,320.42
117,2013,Maharashtra,Wardha,0.0,0.0,0.0,25.7,33.7,1311.28,176.9,45.81,258.96
117,2014,Maharashtra,Wardha,0.0,0.0,0.0,13.7,19.9,1452.55,207.7,33.23,159.99
117,2015,Maharashtra,Wardha,0.0,0.0,0.0,13.2,15.6,1181.82,223.4,57.76,258.55
117,2016,Maharashtra,Wardha,0.0,0.0,0.0,14.5,22.0,1517.24,240.5,129.4,538.05
117,2017,Maharashtra,Wardha,0.0,0.0,0.0,14.82,21.9,1478.13,251.06,113.13,450.61
118,2010,Maharashtra,Nagpur,71.5,70.3,983.22,75.2,115.73,1538.96,80.8,21.42,265.1
118,2011,Maharashtra,Nagpur,77.5,117.4,1514.84,79.0,116.41,1473.54,102.1,24.11,236.14
118,2012,Maharashtra,Nagpur,67.1,100.45,1497.02,80.2,124.79,1555.99,89.4,30.05,336.13
118,2013,Maharashtra,Nagpur,77.8,105.2,1352.18,86.2,83.1,964.04,92.4,27.07,292.97
118,2014,Maharashtra,Nagpur,78.8,95.5,1211.93,88.5,110.6,1249.72,111.3,27.04,242.95
118,2015,Maharashtra,Nagpur,88.7,107.3,1209.7,92.6,93.9,1014.04,126.4,29.05,229.83
118,2016,Maharashtra,Nagpur,87.7,170.4,1942.99,135.9,232.6,1711.55,136.5,99.04,725.54
118,2017,Maharashtra,Nagpur,97.28,183.6,1887.43,135.2,244.4,1807.65,145.17,62.57,431.0
119,2010,Maharashtra,Bhandara,378.6,607.65,1604.99,14.2,14.44,1016.9,0.0,0.0,0.0
119,2011,Maharashtra,Bhandara,365.8,633.82,1732.7,13.7,14.22,1037.96,0.0,0.0,0.0
119,2012,Maharashtra,Bhandara,370.7,734.97,1982.65,13.7,16.54,1207.3,0.0,0.0,0.0
119,2013,Maharashtra,Bhandara,396.1,649.59,1639.96,13.6,14.7,1080.88,0.0,0.0,0.0
119,2014,Maharashtra,Bhandara,383.8,699.5,1822.56,13.8,15.4,1115.94,0.0,0.0,0.0
119,2015,Maharashtra,Bhandara,370.4,573.8,1549.14,13.1,13.4,1022.9,0.0,0.0,0.0
119,2016,Maharashtra,Bhandara,391.7,888.7,2268.83,12.9,15.9,1232.56,0.0,0.0,0.0
119,2017,Maharashtra,Bhandara,315.89,449.1,1421.69,13.19,15.1,1145.07,0.04,0.02,473.68
120,2010,Maharashtra,Chandrapur,275.5,400.48,1453.65,35.4,37.83,1068.64,96.1,22.21,231.11
120,2011,Maharashtra,Chandrapur,315.0,390.29,1239.02,22.8,27.88,1222.81,104.2,28.22,270.83
120,2012,Maharashtra,Chandrapur,315.1,490.78,1557.54,22.9,27.32,1193.01,112.8,47.56,421.63
120,2013,Maharashtra,Chandrapur,319.4,450.2,1409.52,26.1,29.3,1122.61,112.4,37.87,336.92
120,2014,Maharashtra,Chandrapur,301.5,319.6,1060.03,25.4,19.0,748.03,127.9,27.27,213.21
120,2015,Maharashtra,Chandrapur,292.4,247.9,847.81,21.8,16.9,775.23,161.0,37.82,234.91
120,2016,Maharashtra,Chandrapur,296.5,530.8,1790.22,20.8,26.3,1264.42,167.7,101.48,605.15
120,2017,Maharashtra,Chandrapur,284.38,287.3,1010.26,18.66,20.9,1120.22,170.69,62.6,366.76
121,2010,Gujarat,Ahmedabad,122.94,332.07,2701.08,251.58,616.75,2451.49,227.14,111.98,493.03
121,2011,Gujarat,Ahmedabad,138.29,377.46,2729.43,210.51,542.46,2576.89,241.43,80.26,332.45
121,2012,Gujarat,Ahmedabad,114.57,230.48,2011.77,196.68,509.16,2588.79,197.33,65.09,329.85
121,2013,Gujarat,Ahmedabad,122.39,290.15,2370.66,191.96,462.84,2411.15,195.77,78.18,399.33
121,2014,Gujarat,Ahmedabad,130.4,347.73,2666.66,208.39,433.77,2081.54,236.88,87.03,367.38
121,2015,Gujarat,Ahmedabad,130.69,336.39,2574.07,135.17,341.19,2524.09,204.64,88.74,433.62
121,2016,Gujarat,Ahmedabad,153.19,414.33,2704.69,164.55,387.99,2357.82,177.52,60.85,342.77
121,2017,Gujarat,Ahmedabad,157.76,350.56,2222.13,169.62,391.38,2307.33,177.84,107.2,602.79
122,2010,Gujarat,Amreli,0.0,0.0,0.0,55.0,208.2,3785.45,269.4,194.23,720.97
122,2011,Gujarat,Amreli,0.0,0.0,0.0,32.3,116.1,3594.43,388.9,171.68,441.45
122,2012,Gujarat,Amreli,0.0,0.0,0.0,5.4,15.4,2851.85,289.3,41.26,142.62
122,2013,Gujarat,Amreli,0.0,0.0,0.0,17.96,70.55,3928.17,347.23,344.7,992.71
122,2014,Gujarat,Amreli,0.0,0.0,0.0,4.32,14.46,3347.22,412.95,134.96,326.82
122,2015,Gujarat,Amreli,0.0,0.0,0.0,7.31,22.73,3109.44,378.76,190.83,503.83
122,2016,Gujarat,Amreli,0.0,0.0,0.0,12.4,42.31,3413.88,348.63,105.2,301.76
122,2017,Gujarat,Amreli,0.0,0.0,0.0,8.04,30.9,3842.68,374.75,150.3,401.08
123,2010,Gujarat,Banaskantha,0.0,0.0,0.0,92.9,280.2,3016.15,32.3,19.3,597.52
123,2011,Gujarat,Banaskantha,0.0,0.0,0.0,89.0,242.1,2720.22,48.0,30.86,642.92
123,2012,Gujarat,Banaskantha,0.0,0.0,0.0,92.9,270.8,2914.96,45.6,27.32,599.12
123,2013,Gujarat,Banaskantha,0.0,0.0,0.0,93.16,290.34,3116.57,45.75,11.35,248.09
123,2014,Gujarat,Banaskantha,0.0,0.0,0.0,88.03,272.84,3099.4,41.39,23.65,571.39
123,2015,Gujarat,Banaskantha,0.08,0.09,1125.0,81.48,240.79,2955.2,34.43,14.56,422.89
123,2016,Gujarat,Banaskantha,0.0,0.0,0.0,75.86,226.49,2985.68,33.31,23.2,696.51
123,2017,Gujarat,Banaskantha,0.0,0.0,0.0,73.97,224.22,3031.05,18.72,13.97,746.29
124,2010,Gujarat,Bharuch,25.2,35.2,1396.83,20.8,46.9,2254.81,159.0,57.8,363.52
124,2011,Gujarat,Bharuch,31.0,40.1,1293.55,26.3,59.5,2262.36,170.8,67.05,392.56
124,2012,Gujarat,Bharuch,23.4,33.3,1423.08,27.0,54.6,2022.22,154.5,63.39,410.29
124,2013,Gujarat,Bharuch,22.65,28.4,1253.86,24.89,47.38,1903.58,141.62,58.25,411.31
124,2014,Gujarat,Bharuch,20.79,29.11,1400.19,31.24,50.81,1626.44,146.37,61.6,420.85
124,2015,Gujarat,Bharuch,17.74,19.55,1102.03,24.33,43.03,1768.6,123.3,54.69,443.55
124,2016,Gujarat,Bharuch,22.4,22.58,1008.35,22.73,32.78,1442.15,86.98,36.8,423.05
124,2017,Gujarat,Bharuch,19.52,25.68,1315.44,19.8,38.85,1961.62,141.93,66.15,466.11
125,2010,Gujarat,Vadodara / Baroda,55.1,68.1,1235.93,47.5,132.6,2791.58,166.3,112.47,676.31
125,2011,Gujarat,Vadodara / Baroda,44.4,55.3,1245.5,47.2,128.4,2720.34,196.9,108.63,551.7
125,2012,Gujarat,Vadodara / Baroda,44.6,63.2,1417.04,36.5,125.0,3424.66,203.8,143.6,704.61
125,2013,Gujarat,Vadodara / Baroda,38.07,50.7,1331.76,29.45,71.62,2431.92,207.82,140.79,677.46
125,2014,Gujarat,Vadodara / Baroda,41.68,66.82,1603.17,25.03,60.46,2415.5,193.17,140.79,728.84
125,2015,Gujarat,Vadodara / Baroda,39.6,63.87,1612.88,27.45,72.99,2659.02,165.25,101.83,616.22
125,2016,Gujarat,Vadodara / Baroda,40.6,72.66,1789.73,22.41,58.86,2626.55,138.8,104.19,750.63
125,2017,Gujarat,Vadodara / Baroda,45.0,71.93,1598.48,20.58,55.12,2677.97,159.21,147.07,923.76
126,2010,Gujarat,Bhavnagar,0.0,0.0,0.0,31.7,92.9,2930.6,301.0,242.01,804.02
126,2011,Gujarat,Bhavnagar,0.0,0.0,0.0,9.7,28.7,2958.76,305.2,185.74,608.58
126,2012,Gujarat,Bhavnagar,0.0,0.0,0.0,2.4,7.9,3291.67,313.5,85.94,274.13
126,2013,Gujarat,Bhavnagar,0.0,0.0,0.0,27.44,95.98,3497.81,324.9,201.06,618.84
126,2014,Gujarat,Bhavnagar,0.0,0.0,0.0,10.14,23.48,2314.62,321.21,149.24,464.6
126,2015,Gujarat,Bhavnagar,0.0,0.0,0.0,12.18,34.65,2845.66,329.38,147.04,446.42
126,2016,Gujarat,Bhavnagar,0.0,0.0,0.0,15.15,45.92,3030.81,309.79,107.41,346.71
126,2017,Gujarat,Bhavnagar,0.0,0.0,0.0,18.87,60.08,3184.76,324.73,240.85,741.69
127,2010,Gujarat,Valsad,155.6,383.6,2465.3,0.6,1.9,3166.67,0.0,0.0,0.0
127,2011,Gujarat,Valsad,149.6,368.4,2462.57,0.5,1.7,3400.0,0.0,0.0,0.0
127,2012,Gujarat,Valsad,124.0,300.7,2425.0,0.5,1.4,2800.0,0.0,0.0,0.0
127,2013,Gujarat,Valsad,150.35,348.71,2319.32,0.3,1.0,3333.33,0.0,0.0,0.0
127,2014,Gujarat,Valsad,139.23,338.52,2431.37,0.31,0.87,2806.45,0.0,0.0,0.0
127,2015,Gujarat,Valsad,118.98,294.03,2471.26,0.17,0.43,2529.41,0.0,0.0,0.0
127,2016,Gujarat,Valsad,142.31,381.77,2682.63,0.16,0.42,2729.03,0.0,0.0,0.0
127,2017,Gujarat,Valsad,121.65,307.38,2526.81,0.19,0.6,3077.32,0.0,0.0,0.0
128,2010,Gujarat,Dangs,18.0,23.4,1300.0,2.4,8.1,3375.0,0.0,0.0,0.0
128,2011,Gujarat,Dangs,18.0,30.7,1705.56,4.4,13.9,3159.09,0.0,0.0,0.0
128,2012,Gujarat,Dangs,13.8,21.8,1579.71,3.8,11.3,2973.68,0.0,0.0,0.0
128,2013,Gujarat,Dangs,16.81,43.18,2568.71,2.64,8.69,3291.67,0.0,0.0,0.0
128,2014,Gujarat,Dangs,14.46,21.6,1493.78,2.56,4.0,1562.5,0.0,0.0,0.0
128,2015,Gujarat,Dangs,21.11,41.66,1973.47,2.51,3.71,1478.09,0.0,0.0,0.0
128,2016,Gujarat,Dangs,22.2,53.64,2415.72,2.15,3.2,1486.31,0.0,0.0,0.0
128,2017,Gujarat,Dangs,20.83,49.96,2398.34,2.26,1.81,799.29,0.0,0.0,0.0
129,2010,Gujarat,Jamnagar,0.0,0.0,0.0,60.4,219.9,3640.73,192.6,129.69,673.36
129,2011,Gujarat,Jamnagar,0.0,0.0,0.0,38.1,136.9,3593.18,231.0,183.01,792.25
129,2012,Gujarat,Jamnagar,0.0,0.0,0.0,4.8,11.7,2437.5,111.6,9.15,81.99
129,2013,Gujarat,Jamnagar,0.0,0.0,0.0,42.35,173.66,4100.59,180.53,206.64,1144.63
129,2014,Gujarat,Jamnagar,0.0,0.0,0.0,5.19,19.54,3768.92,236.46,160.94,680.63
129,2015,Gujarat,Jamnagar,0.0,0.0,0.0,2.13,6.7,3143.31,248.8,108.1,434.48
129,2016,Gujarat,Jamnagar,0.0,0.0,0.0,4.71,13.84,2934.53,210.63,44.15,209.6
129,2017,Gujarat,Jamnagar,0.0,0.0,0.0,10.98,39.55,3602.15,197.3,199.17,1009.48
130,2010,Gujarat,Junagadh,0.0,0.0,0.0,244.6,1021.1,4174.57,57.0,35.6,624.56
130,2011,Gujarat,Junagadh,0.2,0.5,2500.0,177.5,658.6,3710.42,92.2,59.65,646.96
130,2012,Gujarat,Junagadh,0.0,0.0,0.0,42.1,128.3,3047.51,70.0,25.01,357.29
130,2013,Gujarat,Junagadh,0.0,0.0,0.0,235.66,1020.15,4328.91,87.19,101.09,1159.42
130,2014,Gujarat,Junagadh,0.0,0.0,0.0,183.71,728.99,3968.16,150.64,140.03,929.57
130,2015,Gujarat,Junagadh,0.0,0.0,0.0,21.39,78.75,3681.63,131.63,53.84,409.03
130,2016,Gujarat,Junagadh,0.0,0.0,0.0,116.17,420.63,3620.9,71.71,46.45,647.69
130,2017,Gujarat,Junagadh,0.0,0.0,0.0,98.81,373.26,3777.59,77.51,41.27,532.48
131,2010,Gujarat,Kheda,186.6,425.6,2280.81,159.2,427.3,2684.05,24.8,16.96,683.87
131,2011,Gujarat,Kheda,201.3,451.3,2241.93,143.4,393.0,2740.59,35.7,16.32,457.14
131,2012,Gujarat,Kheda,179.4,443.9,2474.36,149.4,402.4,2693.44,41.6,19.49,468.51
131,2013,Gujarat,Kheda,228.11,565.12,2477.4,155.86,414.42,2658.92,34.11,19.94,584.58
131,2014,Gujarat,Kheda,220.87,584.24,2645.17,135.81,367.45,2705.57,32.54,22.14,680.58
131,2015,Gujarat,Kheda,219.25,574.85,2621.91,113.56,321.47,2830.74,27.61,17.96,650.54
131,2016,Gujarat,Kheda,222.46,588.99,2647.59,134.55,393.12,2921.82,21.2,12.53,591.1
131,2017,Gujarat,Kheda,235.19,610.28,2594.81,144.22,417.13,2892.25,21.7,11.91,549.1
132,2010,Gujarat,Kutch,0.0,0.0,0.0,34.8,97.0,2787.36,76.9,57.31,745.25
132,2011,Gujarat,Kutch,0.0,0.0,0.0,30.6,89.8,2934.64,87.3,66.67,763.69
132,2012,Gujarat,Kutch,0.0,0.0,0.0,29.9,91.6,3063.55,62.8,49.69,791.24
132,2013,Gujarat,Kutch,0.0,0.0,0.0,28.85,94.99,3292.55,78.5,73.3,933.76
132,2014,Gujarat,Kutch,0.0,0.0,0.0,18.46,55.58,3010.83,56.68,54.56,962.6
132,2015,Gujarat,Kutch,0.0,0.0,0.0,30.04,85.8,2856.19,48.84,47.49,972.36
132,2016,Gujarat,Kutch,0.0,0.0,0.0,21.29,60.12,2823.6,42.42,37.77,890.32
132,2017,Gujarat,Kutch,0.0,0.0,0.0,21.33,61.79,2897.13,58.61,45.17,770.67
133,2010,Gujarat,Mehsana,14.76,32.53,2203.86,137.82,432.75,3140.0,138.16,71.6,518.2
133,2011,Gujarat,Mehsana,9.01,17.94,1991.67,131.39,415.94,3165.68,151.47,92.74,612.24
133,2012,Gujarat,Mehsana,2.83,6.52,2300.18,136.12,425.84,3128.38,127.87,77.78,608.29
133,2013,Gujarat,Mehsana,9.06,19.61,2164.91,144.89,458.6,3165.13,126.61,74.38,587.51
133,2014,Gujarat,Mehsana,10.29,25.99,2525.58,120.85,360.72,2984.93,129.28,82.54,638.46
133,2015,Gujarat,Mehsana,11.58,26.32,2271.73,118.49,342.21,2888.09,86.78,55.61,640.85
133,2016,Gujarat,Mehsana,8.49,15.96,1879.08,110.14,327.98,2977.72,80.71,54.61,676.67
133,2017,Gujarat,Mehsana,12.08,24.52,2030.04,122.18,384.91,3150.45,91.73,64.33,701.35
134,2010,Gujarat,Panchmahal,106.7,93.0,871.6,51.4,103.8,2019.46,9.9,3.13,316.16
134,2011,Gujarat,Panchmahal,115.3,132.5,1149.18,66.4,159.5,2402.11,10.3,3.06,297.09
134,2012,Gujarat,Panchmahal,99.3,155.5,1565.96,87.8,274.6,3127.56,12.9,4.88,378.29
134,2013,Gujarat,Panchmahal,120.49,159.44,1323.26,89.0,164.17,1844.61,13.36,9.92,742.51
134,2014,Gujarat,Panchmahal,110.17,105.99,962.05,96.28,197.75,2053.95,22.0,14.98,680.63
134,2015,Gujarat,Panchmahal,105.67,93.59,885.67,62.34,103.25,1656.33,20.4,11.26,551.89
134,2016,Gujarat,Panchmahal,126.38,152.59,1207.35,87.6,157.09,1793.16,19.26,7.5,389.31
134,2017,Gujarat,Panchmahal,127.96,144.13,1126.36,72.68,168.6,2319.69,17.07,11.35,664.94
135,2010,Gujarat,Rajkot,0.0,0.0,0.0,170.2,678.3,3985.31,356.9,281.84,789.69
135,2011,Gujarat,Rajkot,0.0,0.0,0.0,113.8,451.5,3967.49,387.1,309.93,800.65
135,2012,Gujarat,Rajkot,0.0,0.0,0.0,7.2,25.7,3569.44,306.3,83.11,271.34
135,2013,Gujarat,Rajkot,0.0,0.0,0.0,132.82,568.99,4283.92,277.05,270.93,977.91
135,2014,Gujarat,Rajkot,0.0,0.0,0.0,27.92,114.64,4105.8,342.45,253.6,740.54
135,2015,Gujarat,Rajkot,0.0,0.0,0.0,27.72,100.83,3637.85,363.61,120.48,331.33
135,2016,Gujarat,Rajkot,0.0,0.0,0.0,25.7,92.61,3603.82,340.08,69.18,203.41
135,2017,Gujarat,Rajkot,0.0,0.0,0.0,71.17,255.44,3589.12,385.38,348.73,904.88
136,2010,Gujarat,Sabarkantha,5.6,12.0,2142.86,150.1,402.6,2682.21,107.1,58.96,550.51
136,2011,Gujarat,Sabarkantha,6.7,15.9,2373.13,149.2,389.4,2609.92,156.6,83.22,531.42
136,2012,Gujarat,Sabarkantha,3.7,8.2,2216.22,154.3,456.4,2957.87,138.3,67.32,486.77
136,2013,Gujarat,Sabarkantha,1.68,3.56,2119.05,179.47,526.65,2934.47,126.1,50.74,402.38
136,2014,Gujarat,Sabarkantha,5.89,10.15,1723.26,152.56,422.26,2767.83,139.58,83.03,594.86
136,2015,Gujarat,Sabarkantha,4.73,12.67,2678.65,149.01,392.19,2631.97,128.53,76.53,595.43
136,2016,Gujarat,Sabarkantha,7.67,21.14,2756.13,139.19,367.89,2643.11,101.7,55.42,544.93
136,2017,Gujarat,Sabarkantha,8.66,29.87,3448.97,154.25,447.87,2903.51,119.69,83.39,696.74
137,2010,Gujarat,Surat,117.6,260.3,2213.44,11.5,36.4,3165.22,5.6,1.97,351.79
137,2011,Gujarat,Surat,121.2,298.4,2462.05,13.4,37.5,2798.51,23.0,13.35,580.43
137,2012,Gujarat,Surat,95.3,233.3,2448.06,13.1,37.8,2885.5,12.7,3.24,255.12
137,2013,Gujarat,Surat,110.55,268.87,2432.11,9.28,27.41,2953.66,14.76,8.92,604.34
137,2014,Gujarat,Surat,100.68,241.43,2397.99,18.42,42.7,2318.13,15.12,8.65,572.09
137,2015,Gujarat,Surat,104.13,227.2,2181.89,7.63,15.9,2083.88,12.24,6.35,518.79
137,2016,Gujarat,Surat,101.53,263.84,2598.74,8.67,22.46,2589.58,4.81,3.09,643.03
137,2017,Gujarat,Surat,105.79,273.93,2589.32,8.1,20.8,2566.19,12.55,11.77,937.62
138,2010,Gujarat,Surendranagar,0.0,0.0,0.0,66.1,206.7,3127.08,499.1,275.46,551.91
138,2011,Gujarat,Surendranagar,0.5,1.2,2400.0,66.9,207.1,3095.67,477.2,291.53,610.92
138,2012,Gujarat,Surendranagar,0.2,0.4,2000.0,33.6,94.1,2800.6,369.1,75.4,204.28
138,2013,Gujarat,Surendranagar,0.23,0.36,1565.22,36.34,110.57,3042.65,407.12,241.88,594.12
138,2014,Gujarat,Surendranagar,0.0,0.0,0.0,42.25,123.19,2915.46,407.07,244.3,600.15
138,2015,Gujarat,Surendranagar,0.66,1.66,2515.15,34.82,109.25,3137.44,417.38,262.34,628.53
138,2016,Gujarat,Surendranagar,0.37,0.97,2596.77,35.94,104.05,2895.3,403.4,159.67,395.8
138,2017,Gujarat,Surendranagar,0.85,1.57,1853.77,41.71,128.75,3086.78,447.78,277.65,620.06
139,2010,Rajasthan,Ajmer,0.01,0.02,2000.0,64.32,207.91,3232.43,3.28,0.97,295.73
139,2011,Rajasthan,Ajmer,0.01,0.02,2000.0,46.55,146.73,3152.09,11.67,3.76,322.19
139,2012,Rajasthan,Ajmer,0.01,0.01,1000.0,66.03,219.01,3316.83,31.2,1.07,34.29
139,2013,Rajasthan,Ajmer,0.01,0.01,1000.0,56.0,193.07,3447.68,15.28,1.45,94.9
139,2014,Rajasthan,Ajmer,0.01,0.02,2000.0,62.44,131.97,2113.55,17.29,1.89,109.31
139,2015,Rajasthan,Ajmer,0.0,0.0,0.0,42.29,116.79,2761.65,14.4,1.16,80.56
139,2016,Rajasthan,Ajmer,0.01,0.02,2285.71,55.47,185.01,3335.63,9.85,5.51,559.77
139,2017,Rajasthan,Ajmer,0.01,0.02,2333.33,40.33,128.01,3174.25,12.06,1.68,139.09
140,2010,Rajasthan,Alwar,0.38,0.77,2026.32,193.99,816.06,4206.71,3.68,1.54,418.48
140,2011,Rajasthan,Alwar,0.38,0.71,1868.42,185.17,727.38,3928.17,8.75,3.44,393.14
140,2012,Rajasthan,Alwar,0.79,1.39,1759.49,204.97,837.41,4085.52,16.51,1.31,79.35
140,2013,Rajasthan,Alwar,0.4,0.86,2150.0,208.21,825.34,3963.98,12.71,0.79,62.16
140,2014,Rajasthan,Alwar,0.35,0.77,2200.0,219.06,757.96,3460.06,20.54,1.82,88.61
140,2015,Rajasthan,Alwar,0.29,0.58,2000.0,213.01,776.43,3645.04,28.69,2.33,81.21
140,2016,Rajasthan,Alwar,0.27,0.61,2289.47,215.68,941.46,4365.1,35.46,21.56,608.06
140,2017,Rajasthan,Alwar,0.24,0.56,2367.09,203.83,875.18,4293.71,46.16,3.99,86.33
141,2010,Rajasthan,Banswara,27.47,18.49,673.37,102.33,216.96,2120.32,12.02,4.47,371.67
141,2011,Rajasthan,Banswara,28.93,37.54,1297.65,105.56,267.63,2535.37,12.41,4.39,353.49
141,2012,Rajasthan,Banswara,30.07,32.23,1071.85,107.2,247.66,2310.3,16.04,0.74,46.34
141,2013,Rajasthan,Banswara,30.27,29.75,982.68,111.3,287.54,2583.4,11.95,0.92,76.97
141,2014,Rajasthan,Banswara,28.05,18.43,657.08,109.41,271.23,2479.11,11.67,0.26,21.98
141,2015,Rajasthan,Banswara,27.54,14.34,520.72,103.3,223.03,2159.15,11.21,0.74,65.71
141,2016,Rajasthan,Banswara,29.52,31.15,1055.47,103.69,248.66,2398.03,11.06,3.86,348.87
141,2017,Rajasthan,Banswara,28.87,29.52,1022.5,108.66,278.6,2563.92,10.89,1.1,100.71
142,2010,Rajasthan,Barmer,0.0,0.0,0.0,16.73,24.53,1466.23,0.01,0.0,0.0
142,2011,Rajasthan,Barmer,0.0,0.0,0.0,11.66,14.41,1235.85,0.01,0.01,1000.0
142,2012,Rajasthan,Barmer,0.0,0.0,0.0,12.61,17.14,1359.24,0.0,0.0,0.0
142,2013,Rajasthan,Barmer,0.0,0.0,0.0,14.02,20.35,1451.5,0.0,0.0,0.0
142,2014,Rajasthan,Barmer,0.0,0.0,0.0,13.53,14.09,1041.39,0.0,0.0,0.0
142,2015,Rajasthan,Barmer,0.0,0.0,0.0,14.64,20.51,1400.96,0.0,0.0,0.0
142,2016,Rajasthan,Barmer,0.0,0.0,0.0,17.61,21.64,1228.59,0.0,0.0,540.0
142,2017,Rajasthan,Barmer,0.0,0.0,0.0,14.54,21.97,1511.18,0.0,0.0,0.0
143,2010,Rajasthan,Bharatpur,2.22,4.48,2018.02,216.39,911.12,4210.55,0.11,0.04,363.64
143,2011,Rajasthan,Bharatpur,2.92,6.95,2380.14,213.78,915.22,4281.13,0.46,0.25,543.48
143,2012,Rajasthan,Bharatpur,1.49,2.92,1959.73,194.3,831.91,4281.57,1.59,0.15,94.34
143,2013,Rajasthan,Bharatpur,2.36,4.73,2004.24,216.55,910.94,4206.6,1.46,0.15,102.74
143,2014,Rajasthan,Bharatpur,2.64,5.79,2193.18,233.73,836.27,3577.93,3.01,0.29,96.35
143,2015,Rajasthan,Bharatpur,2.61,5.98,2291.19,224.14,828.47,3696.22,6.26,0.52,83.07
143,2016,Rajasthan,Bharatpur,1.78,4.06,2283.62,226.35,1014.22,4480.69,7.09,1.98,279.51
143,2017,Rajasthan,Bharatpur,1.36,3.01,2209.1,217.66,923.78,4244.13,7.07,0.65,91.27
144,2010,Rajasthan,Bhilwara,0.39,0.79,2025.64,118.78,307.98,2592.86,12.91,5.42,419.83
144,2011,Rajasthan,Bhilwara,0.37,0.69,1864.86,109.58,318.26,2904.36,38.96,18.6,477.41
144,2012,Rajasthan,Bhilwara,0.26,0.45,1730.77,121.79,413.84,3397.98,50.77,4.54,89.42
144,2013,Rajasthan,Bhilwara,0.29,0.63,2172.41,124.47,448.39,3602.39,39.48,3.75,94.98
144,2014,Rajasthan,Bhilwara,0.51,1.12,2196.08,137.22,281.87,2054.15,45.36,4.33,95.46
144,2015,Rajasthan,Bhilwara,0.57,1.14,2000.0,89.64,274.28,3059.79,44.39,3.57,80.42
144,2016,Rajasthan,Bhilwara,0.51,1.18,2289.32,139.79,503.06,3598.58,31.42,18.15,577.45
144,2017,Rajasthan,Bhilwara,0.58,1.36,2366.32,102.8,341.13,3318.35,41.47,4.87,117.55
145,2010,Rajasthan,Bikaner,0.04,0.08,2000.0,79.12,233.44,2950.45,0.51,0.15,294.12
145,2011,Rajasthan,Bikaner,0.03,0.06,2000.0,84.18,209.88,2493.23,7.34,3.02,411.44
145,2012,Rajasthan,Bikaner,0.03,0.05,1666.67,94.73,230.36,2431.75,1.72,0.14,81.4
145,2013,Rajasthan,Bikaner,0.02,0.04,2000.0,116.37,287.27,2468.59,0.75,0.07,93.33
145,2014,Rajasthan,Bikaner,0.04,0.08,2000.0,120.35,242.42,2014.29,0.75,0.04,53.33
145,2015,Rajasthan,Bikaner,0.02,0.03,1500.0,114.46,282.01,2463.83,0.63,0.02,31.75
145,2016,Rajasthan,Bikaner,0.01,0.02,2250.0,113.18,282.65,2497.32,0.66,0.39,596.01
145,2017,Rajasthan,Bikaner,0.0,0.0,0.0,108.3,271.41,2506.14,2.4,0.24,99.11
146,2010,Rajasthan,Bundi,22.9,42.97,1876.42,150.24,570.97,3800.39,0.0,0.0,0.0
146,2011,Rajasthan,Bundi,20.97,34.22,1631.86,155.83,707.01,4537.06,0.06,0.03,500.0
146,2012,Rajasthan,Bundi,19.31,38.18,1977.21,154.11,678.06,4399.84,0.1,0.01,100.0
146,2013,Rajasthan,Bundi,29.47,71.95,2441.47,160.29,607.92,3792.63,0.06,0.01,166.67
146,2014,Rajasthan,Bundi,34.55,76.73,2220.84,172.99,368.76,2131.68,0.09,0.01,111.11
146,2015,Rajasthan,Bundi,39.86,88.82,2228.3,154.91,646.2,4171.45,0.08,0.01,125.0
146,2016,Rajasthan,Bundi,44.35,118.52,2672.73,162.25,705.98,4351.23,0.18,0.11,595.62
146,2017,Rajasthan,Bundi,47.01,133.1,2831.55,146.75,605.43,4125.67,0.27,0.03,99.03
147,2010,Rajasthan,Chittorgarh,1.28,2.57,2018.19,120.46,461.58,3831.97,6.66,3.89,583.61
147,2011,Rajasthan,Chittorgarh,0.91,1.71,1882.79,128.46,474.07,3690.46,21.51,13.07,607.53
147,2012,Rajasthan,Chittorgarh,0.7,1.23,1761.85,131.08,529.86,4042.3,18.47,1.92,104.14
147,2013,Rajasthan,Chittorgarh,0.69,1.48,2133.93,145.63,584.54,4013.81,13.35,1.65,123.57
147,2014,Rajasthan,Chittorgarh,0.88,1.91,2178.02,165.98,488.14,2941.02,13.31,1.77,132.74
147,2015,Rajasthan,Chittorgarh,1.26,2.54,2015.79,146.89,498.13,3391.27,11.51,1.14,98.76
147,2016,Rajasthan,Chittorgarh,1.13,1.79,1590.23,178.88,716.74,4006.8,10.56,7.65,724.89
147,2017,Rajasthan,Chittorgarh,1.35,3.12,2314.17,174.88,698.66,3995.12,12.31,1.45,117.52
148,2010,Rajasthan,Churu,0.0,0.0,0.0,27.5,64.77,2355.27,0.0,0.0,0.0
148,2011,Rajasthan,Churu,0.0,0.0,0.0,24.47,26.11,1067.02,0.08,0.04,500.0
148,2012,Rajasthan,Churu,0.0,0.0,0.0,29.67,62.14,2094.37,0.42,0.04,95.24
148,2013,Rajasthan,Churu,0.0,0.0,0.0,33.37,69.91,2095.0,0.3,0.03,100.0
148,2014,Rajasthan,Churu,0.0,0.0,0.0,32.07,51.94,1619.58,0.61,0.06,98.36
148,2015,Rajasthan,Churu,0.0,0.0,0.0,32.86,74.16,2256.85,0.61,0.05,81.97
148,2016,Rajasthan,Churu,0.0,0.0,0.0,35.14,71.74,2041.26,0.86,0.51,596.14
148,2017,Rajasthan,Churu,0.0,0.0,0.0,33.49,73.28,2188.27,1.19,0.07,60.51
149,2010,Rajasthan,Dungarpur,13.73,9.06,659.87,37.33,58.1,1556.39,0.46,0.2,434.78
149,2011,Rajasthan,Dungarpur,22.03,17.13,777.58,45.09,90.79,2013.53,1.03,0.54,524.27
149,2012,Rajasthan,Dungarpur,22.73,21.48,945.01,45.75,78.53,1716.5,1.36,0.12,88.24
149,2013,Rajasthan,Dungarpur,22.89,25.09,1096.11,47.47,90.48,1906.05,1.17,0.12,102.56
149,2014,Rajasthan,Dungarpur,16.33,11.38,696.88,46.21,86.77,1877.73,0.9,0.09,100.0
149,2015,Rajasthan,Dungarpur,16.36,11.02,673.59,43.95,79.3,1804.32,0.68,0.06,88.24
149,2016,Rajasthan,Dungarpur,17.68,22.43,1268.54,46.99,97.79,2081.19,0.62,0.14,230.47
149,2017,Rajasthan,Dungarpur,17.17,19.73,1149.47,47.73,110.6,2317.19,0.59,0.06,99.05
150,2010,Rajasthan,Ganganagar,30.34,108.5,3576.14,463.18,1917.36,4139.56,254.6,106.12,416.81
150,2011,Rajasthan,Ganganagar,31.32,99.15,3165.71,500.57,1897.49,3790.66,387.6,200.82,518.11
150,2012,Rajasthan,Ganganagar,29.01,79.68,2746.64,477.25,1821.61,3816.89,303.83,28.36,93.34
150,2013,Rajasthan,Ganganagar,32.28,122.69,3800.81,510.52,1981.0,3880.36,193.93,18.7,96.43
150,2014,Rajasthan,Ganganagar,39.42,139.12,3529.17,511.87,1824.3,3563.99,240.55,24.07,100.06
150,2015,Rajasthan,Ganganagar,45.9,133.06,2898.91,518.29,2011.39,3880.82,204.81,17.38,84.86
150,2016,Rajasthan,Ganganagar,48.22,140.27,2908.67,488.58,1953.38,3998.08,250.01,149.02,596.04
150,2017,Rajasthan,Ganganagar,42.18,127.29,3017.4,506.64,2138.57,4221.05,315.65,32.61,103.3
151,2010,Rajasthan,Jaipur,0.0,0.0,0.0,253.32,926.12,3655.93,0.1,0.04,400.0
151,2011,Rajasthan,Jaipur,0.0,0.0,0.0,235.96,792.71,3359.51,0.11,0.06,545.45
151,2012,Rajasthan,Jaipur,0.0,0.0,0.0,242.4,849.14,3503.05,0.21,0.02,95.24
151,2013,Rajasthan,Jaipur,0.0,0.0,0.0,249.28,829.29,3326.74,0.07,0.01,142.86
151,2014,Rajasthan,Jaipur,0.0,0.0,0.0,261.29,876.01,3352.64,0.21,0.02,95.24
151,2015,Rajasthan,Jaipur,0.0,0.0,0.0,249.96,857.01,3428.59,0.15,0.01,66.67
151,2016,Rajasthan,Jaipur,0.0,0.0,0.0,259.72,987.99,3804.11,0.1,0.06,595.67
151,2017,Rajasthan,Jaipur,0.0,0.0,0.0,231.45,902.77,3900.51,0.2,0.02,98.68
152,2010,Rajasthan,Jaisalmer,0.0,0.0,0.0,15.13,51.94,3432.91,0.04,0.02,500.0
152,2011,Rajasthan,Jaisalmer,0.0,0.0,0.0,14.08,18.4,1306.82,0.34,0.18,529.41
152,2012,Rajasthan,Jaisalmer,0.0,0.0,0.0,13.42,17.47,1301.79,0.14,0.01,71.43
152,2013,Rajasthan,Jaisalmer,0.0,0.0,0.0,13.71,18.13,1322.39,0.17,0.02,117.65
152,2014,Rajasthan,Jaisalmer,0.0,0.0,0.0,10.32,10.02,970.93,0.28,0.03,107.14
152,2015,Rajasthan,Jaisalmer,0.0,0.0,0.0,12.51,17.43,1393.29,0.19,0.02,105.26
152,2016,Rajasthan,Jaisalmer,0.0,0.0,0.0,9.99,13.82,1383.92,0.04,0.03,595.71
152,2017,Rajasthan,Jaisalmer,0.0,0.0,0.0,8.98,16.12,1794.06,0.17,0.02,98.74
153,2010,Rajasthan,Jalore,0.0,0.0,0.0,44.96,80.46,1789.59,0.34,0.15,441.18
153,2011,Rajasthan,Jalore,0.0,0.0,0.0,29.98,54.29,1810.87,0.7,0.36,514.29
153,2012,Rajasthan,Jalore,0.0,0.0,0.0,28.38,50.46,1778.01,0.91,0.08,87.91
153,2013,Rajasthan,Jalore,0.0,0.0,0.0,35.01,77.09,2201.94,0.48,0.05,104.17
153,2014,Rajasthan,Jalore,0.0,0.0,0.0,32.67,62.25,1905.42,0.65,0.06,92.31
153,2015,Rajasthan,Jalore,0.0,0.0,0.0,41.04,82.56,2011.7,0.35,0.03,85.71
153,2016,Rajasthan,Jalore,0.0,0.0,0.0,52.18,101.98,1954.28,0.26,0.16,596.12
153,2017,Rajasthan,Jalore,0.0,0.0,0.0,46.94,100.7,2145.45,0.56,0.06,99.06
154,2010,Rajasthan,Jhalawar,2.29,5.86,2558.95,70.51,222.29,3152.6,0.01,0.0,0.0
154,2011,Rajasthan,Jhalawar,1.78,7.3,4101.12,87.56,330.75,3777.41,0.01,0.01,1000.0
154,2012,Rajasthan,Jhalawar,1.62,2.86,1765.43,86.06,279.02,3242.16,0.0,0.0,0.0
154,2013,Rajasthan,Jhalawar,2.06,4.42,2145.63,106.83,329.96,3088.65,0.0,0.0,0.0
154,2014,Rajasthan,Jhalawar,3.23,7.06,2185.76,112.53,352.79,3135.08,0.0,0.0,0.0
154,2015,Rajasthan,Jhalawar,3.26,6.59,2021.47,102.11,354.56,3472.33,0.0,0.0,0.0
154,2016,Rajasthan,Jhalawar,4.42,8.05,1818.72,109.04,417.55,3829.26,0.0,0.0,630.0
154,2017,Rajasthan,Jhalawar,4.45,12.82,2884.81,102.2,413.26,4043.52,0.0,0.0,90.0
155,2010,Rajasthan,Jhunjhunu,0.0,0.0,0.0,79.59,259.96,3266.24,0.02,0.01,500.0
155,2011,Rajasthan,Jhunjhunu,0.0,0.0,0.0,73.71,250.19,3394.25,0.27,0.14,518.52
155,2012,Rajasthan,Jhunjhunu,0.0,0.0,0.0,84.44,315.48,3736.14,0.44,0.04,90.91
155,2013,Rajasthan,Jhunjhunu,0.0,0.0,0.0,86.72,346.47,3995.27,0.26,0.03,115.38
155,2014,Rajasthan,Jhunjhunu,0.0,0.0,0.0,88.8,358.02,4031.76,0.92,0.09,97.83
155,2015,Rajasthan,Jhunjhunu,0.0,0.0,0.0,88.34,311.1,3521.62,1.78,0.15,84.27
155,2016,Rajasthan,Jhunjhunu,0.0,0.0,0.0,86.55,350.08,4044.75,3.81,2.32,609.05
155,2017,Rajasthan,Jhunjhunu,0.0,0.0,0.0,85.96,340.01,3955.61,8.69,0.64,73.84
156,2010,Rajasthan,Jodhpur,0.0,0.0,0.0,59.29,149.05,2513.91,11.61,6.7,577.09
156,2011,Rajasthan,Jodhpur,0.0,0.0,0.0,50.15,136.35,2718.84,19.1,11.46,600.0
156,2012,Rajasthan,Jodhpur,0.0,0.0,0.0,60.97,133.16,2184.02,26.25,2.38,90.67
156,2013,Rajasthan,Jodhpur,0.0,0.0,0.0,67.88,152.46,2246.02,30.32,4.18,137.86
156,2014,Rajasthan,Jodhpur,0.0,0.0,0.0,67.78,130.81,1929.92,42.39,3.32,78.32
156,2015,Rajasthan,Jodhpur,0.0,0.0,0.0,69.22,136.22,1967.93,43.16,3.45,79.94
156,2016,Rajasthan,Jodhpur,0.0,0.0,0.0,77.94,180.68,2318.18,40.55,35.95,886.64
156,2017,Rajasthan,Jodhpur,0.0,0.0,0.0,66.07,150.97,2284.95,46.71,3.86,82.54
157,2010,Rajasthan,Kota,22.2,62.06,2795.5,263.21,925.46,3516.05,0.0,0.0,0.0
157,2011,Rajasthan,Kota,16.72,38.41,2297.25,254.38,1011.04,3974.53,0.1,0.06,600.0
157,2012,Rajasthan,Kota,12.3,33.1,2691.06,295.04,1271.81,4310.64,0.02,0.0,0.0
157,2013,Rajasthan,Kota,17.18,40.85,2377.76,300.86,1105.09,3673.1,0.02,0.0,0.0
157,2014,Rajasthan,Kota,33.61,93.7,2787.86,310.07,947.01,3054.18,0.0,0.0,0.0
157,2015,Rajasthan,Kota,36.14,93.68,2592.14,279.51,1139.65,4077.31,0.0,0.0,0.0
157,2016,Rajasthan,Kota,41.19,111.89,2716.4,304.87,1362.86,4470.28,0.0,0.0,600.0
157,2017,Rajasthan,Kota,39.05,108.62,2781.65,236.24,1037.57,4392.07,0.0,0.0,90.0
158,2010,Rajasthan,Nagaur,0.0,0.0,0.0,77.36,194.99,2520.55,20.48,11.29,551.27
158,2011,Rajasthan,Nagaur,0.0,0.0,0.0,56.81,142.52,2508.71,36.73,21.23,578.0
158,2012,Rajasthan,Nagaur,0.0,0.0,0.0,83.77,212.34,2534.8,44.75,3.62,80.89
158,2013,Rajasthan,Nagaur,0.0,0.0,0.0,75.55,189.56,2509.07,49.97,5.28,105.66
158,2014,Rajasthan,Nagaur,0.0,0.0,0.0,71.64,161.51,2254.47,62.19,6.32,101.62
158,2015,Rajasthan,Nagaur,0.0,0.0,0.0,60.28,160.24,2658.26,58.44,4.79,81.96
158,2016,Rajasthan,Nagaur,0.0,0.0,0.0,64.95,165.2,2543.52,51.39,23.69,461.11
158,2017,Rajasthan,Nagaur,0.0,0.0,0.0,53.68,142.53,2655.38,53.73,4.17,77.61
159,2010,Rajasthan,Pali,0.0,0.0,0.0,80.12,145.15,1811.66,3.3,1.77,536.36
159,2011,Rajasthan,Pali,0.0,0.0,0.0,48.46,107.09,2209.86,7.25,4.12,568.28
159,2012,Rajasthan,Pali,0.0,0.0,0.0,57.1,144.53,2531.17,9.94,0.91,91.55
159,2013,Rajasthan,Pali,0.0,0.0,0.0,47.45,129.76,2734.67,8.97,1.11,123.75
159,2014,Rajasthan,Pali,0.0,0.0,0.0,49.83,99.96,2006.02,13.59,1.14,83.89
159,2015,Rajasthan,Pali,0.0,0.0,0.0,61.19,157.5,2573.95,12.02,1.07,89.02
159,2016,Rajasthan,Pali,0.0,0.0,0.0,92.53,265.88,2873.37,10.11,6.01,594.38
159,2017,Rajasthan,Pali,0.0,0.0,0.0,82.07,216.51,2638.02,14.38,1.44,100.09
160,2010,Rajasthan,Swami Madhopur,2.48,3.55,1431.45,170.35,657.23,3858.12,0.07,0.03,428.57
160,2011,Rajasthan,Swami Madhopur,2.09,2.95,1411.48,145.43,527.28,3625.66,0.09,0.05,555.56
160,2012,Rajasthan,Swami Madhopur,2.21,3.31,1497.74,148.35,536.5,3616.45,0.21,0.02,95.24
160,2013,Rajasthan,Swami Madhopur,2.37,3.6,1518.99,160.62,531.58,3309.55,0.0,0.0,0.0
160,2014,Rajasthan,Swami Madhopur,2.87,4.46,1554.01,167.43,580.22,3465.45,0.01,0.0,0.0
160,2015,Rajasthan,Swami Madhopur,3.91,6.69,1711.0,148.28,509.77,3437.89,0.0,0.0,0.0
160,2016,Rajasthan,Swami Madhopur,3.5,6.51,1859.1,174.53,710.79,4072.57,0.0,0.0,0.0
160,2017,Rajasthan,Swami Madhopur,2.87,5.1,1773.14,139.69,571.31,4089.7,0.01,0.0,112.5
161,2010,Rajasthan,Sikar,0.0,0.0,0.0,100.48,343.78,3421.38,0.1,0.04,400.0
161,2011,Rajasthan,Sikar,0.0,0.0,0.0,100.08,292.55,2923.16,0.27,0.14,518.52
161,2012,Rajasthan,Sikar,0.0,0.0,0.0,100.13,327.29,3268.65,0.34,0.03,88.24
161,2013,Rajasthan,Sikar,0.0,0.0,0.0,101.35,331.36,3269.46,0.24,0.02,83.33
161,2014,Rajasthan,Sikar,0.0,0.0,0.0,99.56,347.49,3490.26,0.2,0.02,100.0
161,2015,Rajasthan,Sikar,0.0,0.0,0.0,92.33,323.19,3500.38,0.12,0.01,83.33
161,2016,Rajasthan,Sikar,0.0,0.0,0.0,92.03,333.63,3625.12,0.03,0.02,598.24
161,2017,Rajasthan,Sikar,0.0,0.0,0.0,86.08,285.83,3320.37,0.02,0.0,104.21
162,2010,Rajasthan,Sirohi,0.0,0.0,0.0,39.05,114.37,2928.81,0.84,0.36,428.57
162,2011,Rajasthan,Sirohi,0.0,0.0,0.0,37.25,101.13,2714.9,1.92,0.91,473.96
162,2012,Rajasthan,Sirohi,0.0,0.0,0.0,35.95,99.14,2757.72,2.94,0.16,54.42
162,2013,Rajasthan,Sirohi,0.0,0.0,0.0,34.04,94.1,2764.39,1.69,0.08,47.34
162,2014,Rajasthan,Sirohi,0.0,0.0,0.0,26.85,62.38,2323.28,1.87,0.18,96.26
162,2015,Rajasthan,Sirohi,0.01,0.01,1000.0,34.23,91.61,2676.31,1.18,0.1,84.75
162,2016,Rajasthan,Sirohi,0.0,0.0,2500.0,37.51,108.65,2896.64,1.39,0.93,667.57
162,2017,Rajasthan,Sirohi,0.0,0.0,0.0,22.24,66.37,2984.58,2.9,0.29,99.14
163,2010,Rajasthan,Tonk,0.0,0.0,0.0,88.63,284.5,3209.97,0.14,0.06,428.57
163,2011,Rajasthan,Tonk,0.0,0.0,0.0,67.43,233.37,3460.92,0.87,0.45,517.24
163,2012,Rajasthan,Tonk,0.0,0.0,0.0,61.77,211.22,3419.46,1.69,0.15,88.76
163,2013,Rajasthan,Tonk,0.0,0.0,0.0,58.42,200.01,3423.66,1.0,0.1,100.0
163,2014,Rajasthan,Tonk,0.01,0.01,1000.0,66.38,138.76,2090.39,1.49,0.14,93.96
163,2015,Rajasthan,Tonk,0.01,0.01,1000.0,51.47,160.97,3127.45,1.17,0.1,85.47
163,2016,Rajasthan,Tonk,0.0,0.0,2000.0,69.18,250.84,3625.74,0.78,0.56,712.84
163,2017,Rajasthan,Tonk,0.0,0.0,2500.0,45.84,152.77,3332.6,0.97,0.13,137.14
164,2010,Rajasthan,Udaipur,5.42,6.35,1172.07,103.79,278.3,2681.45,4.57,2.41,527.5
164,2011,Rajasthan,Udaipur,5.9,6.55,1110.24,123.19,368.27,2989.37,9.95,7.15,718.61
164,2012,Rajasthan,Udaipur,5.14,5.64,1097.17,125.96,351.53,2790.74,10.82,0.92,85.4
164,2013,Rajasthan,Udaipur,5.29,6.49,1226.4,123.74,378.58,3059.52,9.47,0.9,95.09
164,2014,Rajasthan,Udaipur,5.27,6.1,1158.6,128.26,340.96,2658.41,8.67,0.83,95.46
164,2015,Rajasthan,Udaipur,5.18,5.3,1023.02,120.11,335.68,2794.89,5.83,0.47,80.04
164,2016,Rajasthan,Udaipur,5.17,6.19,1197.52,134.5,438.66,3261.3,4.94,2.24,454.07
164,2017,Rajasthan,Udaipur,5.51,6.68,1210.68,137.2,417.14,3040.36,5.83,0.57,98.43
165,2010,Punjab,Gurdaspur,204.0,705.0,3455.88,226.0,919.0,4066.37,0.0,0.0,0.0
165,2011,Punjab,Gurdaspur,174.39,649.0,3721.54,188.96,898.0,4752.33,0.0,0.0,0.0
165,2012,Punjab,Gurdaspur,201.0,618.0,3074.63,226.0,998.0,4415.93,0.0,0.0,0.0
165,2013,Punjab,Gurdaspur,202.0,585.0,2896.04,226.0,989.0,4376.11,0.0,0.0,0.0
165,2014,Punjab,Gurdaspur,202.0,524.0,2594.06,229.0,742.0,3240.17,0.0,0.0,0.0
165,2015,Punjab,Gurdaspur,203.0,588.0,2896.55,225.0,1022.0,4542.22,0.0,0.0,0.0
165,2016,Punjab,Gurdaspur,203.0,634.0,3123.15,225.0,1016.0,4515.56,0.0,0.0,0.0
165,2017,Punjab,Gurdaspur,204.0,729.0,3573.53,226.0,1041.0,4606.19,0.0,0.0,0.0
166,2010,Punjab,Amritsar,358.0,1003.0,2801.68,375.0,1659.0,4424.0,1.0,0.65,650.0
166,2011,Punjab,Amritsar,357.0,972.0,2722.69,375.0,1847.0,4925.33,1.0,0.54,540.0
166,2012,Punjab,Amritsar,364.0,1143.0,3140.11,372.0,1682.0,4521.51,0.0,0.0,0.0
166,2013,Punjab,Amritsar,359.0,1112.0,3097.49,371.0,1865.0,5026.95,1.0,0.54,540.0
166,2014,Punjab,Amritsar,358.0,1045.0,2918.99,376.0,1513.0,4023.94,0.0,0.0,0.0
166,2015,Punjab,Amritsar,359.0,1017.0,2832.87,374.0,1684.0,4502.67,0.0,0.0,0.0
166,2016,Punjab,Amritsar,366.0,1188.0,3245.9,373.0,1816.0,4868.63,0.0,0.0,0.0
166,2017,Punjab,Amritsar,362.0,1436.0,3966.85,375.0,1791.0,4776.0,0.0,0.0,0.0
167,2010,Punjab,Kapurthala,118.0,459.0,3889.83,108.0,480.0,4444.44,0.0,0.0,0.0
167,2011,Punjab,Kapurthala,118.0,433.0,3669.49,110.0,542.0,4927.27,0.0,0.0,0.0
167,2012,Punjab,Kapurthala,117.0,445.0,3803.42,110.0,510.0,4636.36,0.0,0.0,0.0
167,2013,Punjab,Kapurthala,117.0,451.0,3854.7,111.0,548.0,4936.94,0.0,0.0,0.0
167,2014,Punjab,Kapurthala,117.0,439.0,3752.14,110.0,429.0,3900.0,0.0,0.0,0.0
167,2015,Punjab,Kapurthala,118.0,474.0,4016.95,110.0,469.0,4263.64,0.0,0.0,0.0
167,2016,Punjab,Kapurthala,118.0,483.0,4093.22,106.0,522.0,4924.53,0.0,0.0,0.0
167,2017,Punjab,Kapurthala,118.0,513.0,4347.46,108.0,523.0,4842.59,0.0,0.0,0.0
168,2010,Punjab,Jalandhar,198.38,728.91,3674.31,214.14,1005.28,4694.5,0.0,0.0,0.0
168,2011,Punjab,Jalandhar,199.77,720.86,3608.45,216.75,1102.07,5084.52,0.0,0.0,0.0
168,2012,Punjab,Jalandhar,199.77,768.96,3849.23,217.8,1006.02,4619.01,0.0,0.0,0.0
168,2013,Punjab,Jalandhar,201.16,719.22,3575.36,214.75,1063.31,4951.39,0.0,0.0,0.0
168,2014,Punjab,Jalandhar,201.77,753.86,3736.23,213.36,857.02,4016.78,0.0,0.0,0.0
168,2015,Punjab,Jalandhar,203.99,806.72,3954.7,218.58,986.48,4513.13,0.0,0.0,0.0
168,2016,Punjab,Jalandhar,206.6,857.6,4151.02,213.36,1037.14,4860.99,0.0,0.0,0.0
168,2017,Punjab,Jalandhar,207.6,887.02,4272.74,216.97,1095.85,5050.7,0.0,0.0,0.0
169,2010,Punjab,Hoshiarpur,95.62,351.09,3671.72,182.86,796.72,4356.99,0.0,0.0,0.0
169,2011,Punjab,Hoshiarpur,96.23,357.14,3711.32,183.25,844.93,4610.8,0.0,0.0,0.0
169,2012,Punjab,Hoshiarpur,92.23,344.04,3730.24,180.2,777.98,4317.31,0.0,0.0,0.0
169,2013,Punjab,Hoshiarpur,91.84,330.78,3601.7,177.25,815.69,4601.92,0.0,0.0,0.0
169,2014,Punjab,Hoshiarpur,93.23,332.14,3562.59,179.64,649.98,3618.24,0.0,0.0,0.0
169,2015,Punjab,Hoshiarpur,95.01,353.28,3718.35,175.42,734.52,4187.21,0.0,0.0,0.0
169,2016,Punjab,Hoshiarpur,97.4,388.4,3987.68,176.64,751.86,4256.45,0.0,0.0,0.0
169,2017,Punjab,Hoshiarpur,98.4,401.98,4085.16,173.03,770.15,4450.96,0.0,0.0,0.0
170,2010,Punjab,Roopnagar / Ropar,56.5,210.5,3725.66,91.5,367.5,4016.39,0.0,0.0,0.0
170,2011,Punjab,Roopnagar / Ropar,54.0,186.5,3453.7,90.0,421.5,4683.33,0.0,0.0,0.0
170,2012,Punjab,Roopnagar / Ropar,53.5,203.5,3803.74,90.0,400.5,4450.0,0.0,0.0,0.0
170,2013,Punjab,Roopnagar / Ropar,50.5,175.5,3475.25,92.5,421.0,4551.35,0.0,0.0,0.0
170,2014,Punjab,Roopnagar / Ropar,50.5,176.0,3485.15,91.0,365.0,4010.99,0.0,0.0,0.0
170,2015,Punjab,Roopnagar / Ropar,51.5,219.0,4252.43,89.0,390.0,4382.02,0.0,0.0,0.0
170,2016,Punjab,Roopnagar / Ropar,53.5,228.0,4261.68,93.0,445.5,4790.32,0.0,0.0,0.0
170,2017,Punjab,Roopnagar / Ropar,55.5,224.0,4036.04,92.0,450.0,4891.3,0.0,0.0,0.0
171,2010,Punjab,Ludhiana,269.3,1185.35,4401.6,269.75,1338.55,4962.19,1.0,0.65,650.0
171,2011,Punjab,Ludhiana,269.9,1148.6,4255.65,269.75,1448.35,5369.23,1.0,0.54,540.0
171,2012,Punjab,Ludhiana,269.9,1226.6,4544.65,268.75,1308.0,4866.98,1.0,0.36,360.0
171,2013,Punjab,Ludhiana,269.9,1189.65,4407.74,266.6,1391.05,5217.74,1.0,0.54,540.0
171,2014,Punjab,Ludhiana,269.9,1175.1,4353.83,265.6,1180.0,4442.77,0.0,0.0,0.0
171,2015,Punjab,Ludhiana,269.9,1238.6,4589.11,263.6,1231.1,4670.33,0.0,0.0,0.0
171,2016,Punjab,Ludhiana,271.9,1307.75,4809.67,262.6,1338.4,5096.73,0.0,0.0,0.0
171,2017,Punjab,Ludhiana,270.9,1283.25,4736.99,264.75,1364.1,5152.41,0.0,0.0,0.0
172,2010,Punjab,Ferozpur,542.16,2127.64,3924.38,756.64,3631.18,4799.09,195.92,114.65,585.16
172,2011,Punjab,Ferozpur,544.12,2047.84,3763.58,763.26,3902.62,5113.09,211.32,93.38,441.89
172,2012,Punjab,Ferozpur,560.04,2321.66,4145.53,764.48,3673.8,4805.62,190.7,100.12,525.01
172,2013,Punjab,Ferozpur,567.3,2328.1,4103.83,770.74,3949.94,5124.87,170.04,97.5,573.39
172,2014,Punjab,Ferozpur,595.32,2325.0,3905.46,763.26,3461.66,4535.36,155.98,79.95,512.58
172,2015,Punjab,Ferozpur,624.74,2489.98,3985.63,767.74,3520.76,4585.88,125.22,30.07,240.12
172,2016,Punjab,Ferozpur,642.84,2649.42,4121.43,763.96,3920.8,5132.21,105.16,79.71,757.97
172,2017,Punjab,Ferozpur,641.06,2726.58,4253.24,768.48,3933.9,5119.07,112.12,86.45,771.05
174,2010,Punjab,Bhatinda,284.84,1165.36,4091.28,549.36,2621.82,4772.5,263.08,180.27,685.25
174,2011,Punjab,Bhatinda,275.88,1108.16,4016.82,551.74,2780.38,5039.29,278.68,167.35,600.51
174,2012,Punjab,Bhatinda,287.96,1223.34,4248.3,555.52,2604.2,4687.86,268.3,178.16,664.03
174,2013,Punjab,Bhatinda,294.7,1280.9,4346.45,554.26,2784.06,5023.02,252.96,154.86,612.2
174,2014,Punjab,Bhatinda,309.68,1280.0,4133.3,549.74,2547.34,4633.72,243.02,146.85,604.26
174,2015,Punjab,Bhatinda,347.26,1497.02,4310.95,553.26,2577.24,4658.28,197.78,37.25,188.35
174,2016,Punjab,Bhatinda,376.16,1646.58,4377.34,554.04,2892.2,5220.2,168.84,139.89,828.55
174,2017,Punjab,Bhatinda,388.94,1783.42,4585.33,556.52,2920.1,5247.07,168.88,137.29,812.94
175,2010,Punjab,Sangrur,383.56,1677.92,4374.6,408.8,2077.36,5081.6,21.0,12.95,616.67
175,2011,Punjab,Sangrur,385.88,1676.12,4343.63,408.8,2227.92,5449.9,22.0,13.01,591.36
175,2012,Punjab,Sangrur,388.88,1819.72,4679.39,405.8,2075.2,5113.85,20.0,13.68,684.0
175,2013,Punjab,Sangrur,386.88,1818.08,4699.34,405.72,2197.16,5415.46,21.0,15.66,745.71
175,2014,Punjab,Sangrur,385.88,1817.92,4711.1,404.72,1920.2,4744.51,21.0,14.76,702.86
175,2015,Punjab,Sangrur,390.88,1875.72,4798.71,407.72,1969.52,4830.57,15.0,3.24,216.0
175,2016,Punjab,Sangrur,396.88,1903.4,4795.91,406.72,2249.88,5531.77,10.0,7.74,774.0
175,2017,Punjab,Sangrur,403.88,2038.6,5047.54,408.8,2244.32,5490.02,9.0,6.48,720.0
176,2010,Punjab,Patiala,315.64,1205.23,3818.37,327.95,1575.59,4804.36,1.0,0.47,470.0
176,2011,Punjab,Patiala,316.22,1242.78,3930.11,328.45,1767.23,5380.51,1.0,0.54,540.0
176,2012,Punjab,Patiala,314.72,1276.18,4054.97,326.45,1578.3,4834.74,1.0,0.54,540.0
176,2013,Punjab,Patiala,310.72,1276.77,4109.07,322.18,1595.79,4953.1,0.0,0.0,0.0
176,2014,Punjab,Patiala,310.72,1238.98,3987.45,322.68,1384.8,4291.56,0.0,0.0,0.0
176,2015,Punjab,Patiala,311.72,1263.68,4053.89,323.68,1492.38,4610.66,1.0,0.18,180.0
176,2016,Punjab,Patiala,313.72,1351.85,4309.1,320.68,1646.22,5133.53,1.0,0.72,720.0
176,2017,Punjab,Patiala,314.72,1359.15,4318.6,322.45,1696.58,5261.53,1.0,0.72,720.0
177,2010,Haryana,Hissar,208.82,687.24,3291.02,811.29,3968.1,4891.1,422.08,258.08,611.46
177,2011,Haryana,Hissar,205.52,671.66,3268.02,832.89,4305.5,5169.33,497.92,376.61,756.37
177,2012,Haryana,Hissar,207.57,730.4,3518.88,828.41,3756.47,4534.54,474.34,331.33,698.51
177,2013,Haryana,Hissar,217.36,773.85,3560.22,818.57,4042.26,4938.2,440.6,277.5,629.82
177,2014,Haryana,Hissar,243.91,822.3,3371.33,879.49,3913.53,4449.77,492.87,257.88,523.21
177,2015,Haryana,Hissar,282.25,930.63,3297.18,843.91,3870.94,4586.91,443.93,132.11,297.59
177,2016,Haryana,Hissar,289.75,1031.73,3560.75,847.16,4169.38,4921.61,422.2,289.11,684.77
177,2017,Haryana,Hissar,305.38,1077.83,3529.46,829.58,4131.43,4980.16,482.57,202.1,418.8
180,2010,Haryana,Gurgaon,54.0,140.0,2592.59,252.3,1140.0,4518.43,0.4,0.0,0.0
180,2011,Haryana,Gurgaon,54.8,149.0,2718.98,253.9,1227.0,4832.61,0.4,0.0,0.0
180,2012,Haryana,Gurgaon,49.23,134.0,2721.92,243.45,1084.0,4452.66,1.26,0.68,539.68
180,2013,Haryana,Gurgaon,55.0,149.0,2709.09,249.0,1114.0,4473.9,1.0,0.68,680.0
180,2014,Haryana,Gurgaon,57.0,159.0,2789.47,259.0,851.0,3285.71,5.0,2.55,510.0
180,2015,Haryana,Gurgaon,59.0,138.0,2338.98,257.8,1028.0,3987.59,10.4,3.06,294.23
180,2016,Haryana,Gurgaon,62.1,166.0,2673.11,255.2,1127.0,4416.14,13.3,7.2,541.35
180,2017,Haryana,Gurgaon,64.2,174.0,2710.28,243.7,1105.0,4534.26,23.7,10.08,425.32
181,2010,Haryana,Jind,142.47,362.48,2544.33,247.77,1132.3,4570.0,48.07,27.36,569.12
181,2011,Haryana,Jind,143.4,379.98,2649.75,247.76,1305.74,5270.22,64.53,44.48,689.33
181,2012,Haryana,Jind,143.25,410.16,2863.19,246.99,1067.08,4320.27,68.61,42.92,625.57
181,2013,Haryana,Jind,148.44,417.6,2813.26,248.32,1137.84,4582.15,74.98,40.71,542.92
181,2014,Haryana,Jind,151.98,423.6,2787.21,250.5,932.92,3724.23,77.8,37.39,480.59
181,2015,Haryana,Jind,158.14,401.2,2536.96,248.3,1089.46,4387.64,73.91,13.95,188.8
181,2016,Haryana,Jind,164.16,448.36,2731.24,248.14,1210.98,4880.23,60.44,32.08,530.83
181,2017,Haryana,Jind,165.65,491.38,2966.34,247.65,1241.38,5012.68,63.9,31.85,498.51
182,2010,Haryana,Mahendragarh / Narnaul,8.53,19.72,2312.93,136.05,630.31,4633.1,11.06,6.35,574.3
182,2011,Haryana,Mahendragarh / Narnaul,7.95,21.17,2664.23,126.93,586.3,4619.19,20.14,11.79,585.6
182,2012,Haryana,Mahendragarh / Narnaul,6.09,17.69,2903.38,128.83,588.67,4569.24,24.17,13.98,578.12
182,2013,Haryana,Mahendragarh / Narnaul,6.38,16.24,2545.45,133.58,628.88,4707.89,22.27,11.6,521.07
182,2014,Haryana,Mahendragarh / Narnaul,7.83,13.92,1777.78,156.01,608.94,3903.21,36.87,16.9,458.45
182,2015,Haryana,Mahendragarh / Narnaul,8.99,20.59,2290.32,147.86,610.68,4130.12,50.06,17.11,341.7
182,2016,Haryana,Mahendragarh / Narnaul,10.24,21.75,2124.65,144.08,671.29,4659.28,44.08,24.67,559.56
182,2017,Haryana,Mahendragarh / Narnaul,10.59,25.52,2410.96,139.03,617.32,4440.22,65.72,30.82,468.97
183,2010,Haryana,Ambala,165.6,556.0,3357.49,186.5,734.0,3935.66,0.0,0.0,0.0
183,2011,Haryana,Ambala,164.5,615.0,3738.6,187.8,936.0,4984.03,0.0,0.0,0.0
183,2012,Haryana,Ambala,162.13,645.0,3978.29,189.09,794.0,4199.06,0.0,0.0,0.0
183,2013,Haryana,Ambala,158.0,600.0,3797.47,188.0,842.0,4478.72,0.0,0.0,0.0
183,2014,Haryana,Ambala,163.0,596.0,3656.44,194.0,713.0,3675.26,0.0,0.0,0.0
183,2015,Haryana,Ambala,167.8,638.0,3802.15,196.2,846.0,4311.93,0.0,0.0,0.0
183,2016,Haryana,Ambala,167.3,645.0,3855.35,193.2,860.0,4451.35,0.0,0.0,0.0
183,2017,Haryana,Ambala,170.6,681.0,3991.79,194.2,898.0,4624.1,0.0,0.0,0.0
184,2010,Haryana,Karnal,499.53,1375.52,2753.61,517.23,2353.7,4550.57,3.53,1.64,465.12
184,2011,Haryana,Karnal,492.5,1539.02,3124.93,512.54,2840.26,5541.52,6.97,5.16,740.0
184,2012,Haryana,Karnal,489.8,1678.84,3427.62,512.65,2389.92,4661.93,8.4,6.55,779.7
184,2013,Haryana,Karnal,484.56,1677.4,3461.7,512.68,2499.16,4874.7,9.02,6.55,726.36
184,2014,Haryana,Karnal,489.02,1575.4,3221.55,514.5,2074.08,4031.25,8.2,4.6,561.0
184,2015,Haryana,Karnal,488.46,1543.8,3160.56,514.4,2394.54,4655.03,8.79,2.07,235.03
184,2016,Haryana,Karnal,498.94,1700.64,3408.51,527.36,2543.02,4822.17,6.56,2.66,405.0
184,2017,Haryana,Karnal,508.45,1927.62,3791.18,515.45,2536.62,4921.16,5.9,3.25,550.0
186,2010,Haryana,Rohtak,164.35,324.04,1971.63,352.86,1619.59,4589.83,8.16,2.24,273.89
186,2011,Haryana,Rohtak,165.43,381.17,2304.13,369.48,1918.2,5191.63,11.84,7.52,635.33
186,2012,Haryana,Rohtak,148.18,324.91,2192.65,347.5,1436.86,4134.8,15.85,8.8,555.27
186,2013,Haryana,Rohtak,174.26,406.91,2335.07,348.85,1535.86,4402.64,19.13,7.55,394.47
186,2014,Haryana,Rohtak,164.26,398.78,2427.74,374.5,1363.53,3640.93,26.26,10.31,392.63
186,2015,Haryana,Rohtak,188.46,471.78,2503.34,367.13,1511.38,4116.74,28.11,10.81,384.46
186,2016,Haryana,Rohtak,192.71,439.52,2280.71,348.87,1802.33,5166.25,24.62,11.67,473.83
186,2017,Haryana,Rohtak,197.13,502.65,2549.79,360.89,1733.25,4802.67,26.71,14.58,545.71
189,2010,Uttar Pradesh,Saharanpur,73.61,150.25,2041.16,157.99,454.26,2875.25,0.01,0.0,0.0
189,2011,Uttar Pradesh,Saharanpur,73.32,162.98,2222.86,156.17,514.9,3297.05,0.0,0.0,0.0
189,2012,Uttar Pradesh,Saharanpur,67.62,172.1,2545.1,153.33,498.57,3251.61,0.01,0.0,0.0
189,2013,Uttar Pradesh,Saharanpur,69.58,164.6,2365.62,153.12,497.07,3246.28,0.0,0.0,0.0
189,2014,Uttar Pradesh,Saharanpur,75.58,184.64,2442.97,163.14,335.75,2058.05,0.01,0.0,0.0
189,2015,Uttar Pradesh,Saharanpur,86.82,196.19,2259.73,158.87,513.21,3230.38,0.01,0.0,0.0
189,2016,Uttar Pradesh,Saharanpur,72.43,172.65,2383.63,158.99,572.66,3601.9,0.01,0.0,60.0
189,2017,Uttar Pradesh,Saharanpur,70.55,185.44,2628.49,156.61,588.92,3760.46,0.0,0.0,0.0
190,2010,Uttar Pradesh,Muzaffarnagar,36.0,80.52,2236.67,135.98,459.17,3376.75,0.07,0.02,285.71
190,2011,Uttar Pradesh,Muzaffarnagar,35.44,83.2,2347.63,134.63,529.33,3931.74,0.06,0.02,333.33
190,2012,Uttar Pradesh,Muzaffarnagar,35.44,90.35,2549.38,131.45,485.13,3690.6,0.08,0.02,250.0
190,2013,Uttar Pradesh,Muzaffarnagar,30.84,78.09,2532.1,121.63,452.83,3723.01,0.04,0.01,250.0
190,2014,Uttar Pradesh,Muzaffarnagar,33.7,86.62,2570.33,128.14,370.84,2894.02,0.0,0.0,0.0
190,2015,Uttar Pradesh,Muzaffarnagar,34.15,86.71,2539.09,136.38,513.21,3763.09,0.04,0.0,0.0
190,2016,Uttar Pradesh,Muzaffarnagar,32.18,83.84,2605.58,129.4,543.35,4199.1,0.03,0.0,64.29
190,2017,Uttar Pradesh,Muzaffarnagar,32.93,93.32,2833.89,135.26,569.23,4208.48,0.05,0.0,66.67
191,2010,Uttar Pradesh,Meerut,65.39,150.13,2295.87,232.38,940.46,4047.15,0.05,0.01,200.0
191,2011,Uttar Pradesh,Meerut,65.75,167.52,2547.97,231.57,979.94,4231.74,0.08,0.02,250.0
191,2012,Uttar Pradesh,Meerut,49.51,144.26,2913.95,197.58,898.26,4546.2,0.05,0.01,200.0
191,2013,Uttar Pradesh,Meerut,56.25,155.75,2769.01,222.91,972.08,4360.94,0.05,0.01,200.0
191,2014,Uttar Pradesh,Meerut,60.99,173.28,2841.15,214.56,661.69,3084.02,0.01,0.0,0.0
191,2015,Uttar Pradesh,Meerut,68.4,188.14,2750.77,216.44,846.34,3910.32,0.01,0.0,0.0
191,2016,Uttar Pradesh,Meerut,55.67,142.49,2559.65,219.19,964.37,4399.81,0.03,0.0,61.88
191,2017,Uttar Pradesh,Meerut,52.41,145.29,2772.12,219.37,932.17,4249.36,0.02,0.0,67.5
192,2010,Uttar Pradesh,Buland Shahar,86.59,196.54,2269.81,225.6,891.36,3950.99,0.17,0.04,235.29
192,2011,Uttar Pradesh,Buland Shahar,99.69,239.59,2403.27,223.58,941.05,4208.99,0.0,0.0,0.0
192,2012,Uttar Pradesh,Buland Shahar,21.19,58.04,2738.59,53.66,242.18,4513.63,0.07,0.02,285.71
192,2013,Uttar Pradesh,Buland Shahar,105.21,277.84,2640.75,216.94,899.48,4146.14,0.24,0.06,250.0
192,2014,Uttar Pradesh,Buland Shahar,119.04,308.09,2588.11,220.02,602.07,2736.36,0.22,0.01,45.45
192,2015,Uttar Pradesh,Buland Shahar,116.05,311.97,2688.13,222.76,855.31,3839.56,0.43,0.03,69.77
192,2016,Uttar Pradesh,Buland Shahar,93.81,236.88,2525.21,220.53,940.78,4266.06,0.2,0.01,64.16
192,2017,Uttar Pradesh,Buland Shahar,102.1,304.58,2983.12,215.96,968.16,4482.97,0.13,0.01,66.61
194,2010,Uttar Pradesh,Aligarh,81.9,162.33,1982.05,310.34,1054.14,3396.73,1.53,0.24,156.86
194,2011,Uttar Pradesh,Aligarh,106.14,229.88,2165.82,302.27,1104.79,3654.98,1.16,0.2,172.41
194,2012,Uttar Pradesh,Aligarh,39.59,96.75,2443.8,153.7,551.16,3585.95,2.38,0.47,197.48
194,2013,Uttar Pradesh,Aligarh,110.75,250.83,2264.83,304.52,1120.18,3678.51,1.58,0.27,170.89
194,2014,Uttar Pradesh,Aligarh,119.89,258.96,2159.98,305.4,738.51,2418.17,2.89,0.16,55.36
194,2015,Uttar Pradesh,Aligarh,113.81,257.09,2258.94,292.48,975.22,3334.31,2.85,0.16,56.14
194,2016,Uttar Pradesh,Aligarh,101.27,248.94,2458.22,296.82,1188.1,4002.79,2.39,0.16,66.46
194,2017,Uttar Pradesh,Aligarh,107.56,278.09,2585.37,306.2,1273.52,4159.11,1.98,0.17,88.0
195,2010,Uttar Pradesh,Mathura,42.27,90.07,2130.83,194.72,730.03,3749.13,1.17,0.31,264.96
195,2011,Uttar Pradesh,Mathura,48.02,108.63,2262.18,196.3,723.89,3687.67,1.23,0.34,276.42
195,2012,Uttar Pradesh,Mathura,19.3,54.73,2835.75,99.5,368.84,3706.93,1.41,0.38,269.5
195,2013,Uttar Pradesh,Mathura,52.65,126.58,2404.18,194.36,677.55,3486.06,1.22,0.33,270.49
195,2014,Uttar Pradesh,Mathura,49.4,114.76,2323.08,194.21,407.85,2100.05,1.51,0.08,52.98
195,2015,Uttar Pradesh,Mathura,48.72,108.36,2224.14,178.83,617.51,3453.06,1.42,0.09,63.38
195,2016,Uttar Pradesh,Mathura,47.92,110.88,2313.99,194.29,797.35,4104.0,2.61,0.16,62.9
195,2017,Uttar Pradesh,Mathura,46.13,83.54,1811.0,200.42,704.48,3515.0,1.62,0.07,44.86
196,2010,Uttar Pradesh,Agra,11.41,28.01,2453.39,175.43,647.75,3692.45,0.38,0.1,265.39
196,2011,Uttar Pradesh,Agra,12.25,33.03,2695.22,171.6,667.77,3891.52,0.35,0.1,282.97
196,2012,Uttar Pradesh,Agra,10.15,27.68,2726.38,167.92,642.3,3825.01,1.07,0.29,270.17
196,2013,Uttar Pradesh,Agra,16.03,42.66,2660.53,165.16,608.95,3686.93,0.72,0.19,262.65
196,2014,Uttar Pradesh,Agra,18.09,43.48,2403.74,169.28,391.93,2315.32,1.58,0.08,50.74
196,2015,Uttar Pradesh,Agra,17.4,41.72,2397.9,154.3,499.81,3239.22,2.88,0.19,65.97
196,2016,Uttar Pradesh,Agra,13.08,34.16,2611.16,163.07,655.48,4019.67,0.34,0.02,62.86
196,2017,Uttar Pradesh,Agra,12.91,34.08,2638.98,169.78,664.45,3913.58,0.33,0.01,44.73
197,2010,Uttar Pradesh,Mainpuri,77.41,189.67,2450.29,228.54,807.99,3535.37,0.01,0.0,0.0
197,2011,Uttar Pradesh,Mainpuri,76.91,198.63,2582.8,216.97,801.54,3694.18,0.01,0.0,0.0
197,2012,Uttar Pradesh,Mainpuri,72.72,194.12,2669.52,218.23,792.18,3630.04,0.01,0.0,0.0
197,2013,Uttar Pradesh,Mainpuri,79.43,211.23,2659.47,217.2,811.4,3735.8,0.01,0.0,0.0
197,2014,Uttar Pradesh,Mainpuri,88.63,228.38,2576.74,214.38,473.46,2208.47,0.01,0.0,0.0
197,2015,Uttar Pradesh,Mainpuri,88.43,229.4,2594.1,226.6,752.11,3319.1,0.02,0.0,0.0
197,2016,Uttar Pradesh,Mainpuri,78.27,197.92,2528.67,216.63,855.05,3946.96,0.01,0.0,64.29
197,2017,Uttar Pradesh,Mainpuri,76.61,226.59,2957.82,214.11,881.11,4115.28,0.01,0.0,36.0
198,2010,Uttar Pradesh,Etah,35.85,76.18,2124.97,231.84,766.17,3304.74,0.0,0.0,0.0
198,2011,Uttar Pradesh,Etah,34.46,87.99,2553.4,231.0,822.95,3562.55,0.0,0.0,0.0
198,2012,Uttar Pradesh,Etah,20.83,56.04,2690.35,229.1,837.2,3654.3,0.0,0.0,0.0
198,2013,Uttar Pradesh,Etah,36.32,82.98,2284.69,231.44,827.84,3576.91,0.01,0.0,0.0
198,2014,Uttar Pradesh,Etah,37.39,86.02,2300.62,232.25,494.01,2127.06,0.0,0.0,0.0
198,2015,Uttar Pradesh,Etah,47.21,79.57,1685.45,231.21,688.46,2977.64,0.03,0.0,0.0
198,2016,Uttar Pradesh,Etah,32.5,76.61,2356.95,231.18,881.05,3811.06,0.01,0.0,72.0
198,2017,Uttar Pradesh,Etah,28.79,71.3,2476.44,229.73,904.14,3935.72,0.0,0.0,90.0
199,2010,Uttar Pradesh,Bareilly,165.69,273.45,1650.37,212.91,618.97,2907.19,0.0,0.0,0.0
199,2011,Uttar Pradesh,Bareilly,162.32,407.37,2509.67,209.08,681.59,3259.95,0.0,0.0,0.0
199,2012,Uttar Pradesh,Bareilly,83.83,191.38,2282.95,230.27,765.4,3323.92,0.0,0.0,0.0
199,2013,Uttar Pradesh,Bareilly,162.92,366.56,2249.94,200.05,630.35,3150.96,0.0,0.0,0.0
199,2014,Uttar Pradesh,Bareilly,163.95,337.57,2058.98,212.6,395.01,1858.0,0.0,0.0,0.0
199,2015,Uttar Pradesh,Bareilly,158.63,327.41,2063.99,209.61,614.16,2930.01,0.0,0.0,0.0
199,2016,Uttar Pradesh,Bareilly,160.28,358.38,2236.0,214.08,782.67,3656.0,0.0,0.0,0.0
199,2017,Uttar Pradesh,Bareilly,145.23,357.42,2460.99,195.12,716.28,3671.0,0.0,0.0,0.0
200,2010,Uttar Pradesh,Budaun,76.87,144.91,1885.13,315.99,1072.88,3395.3,0.0,0.0,0.0
200,2011,Uttar Pradesh,Budaun,94.4,203.28,2153.34,295.17,1038.52,3518.34,0.0,0.0,0.0
200,2012,Uttar Pradesh,Budaun,63.44,119.9,1889.91,207.14,514.28,2482.79,0.0,0.0,0.0
200,2013,Uttar Pradesh,Budaun,95.23,211.3,2218.83,298.54,1081.6,3622.91,0.0,0.0,0.0
200,2014,Uttar Pradesh,Budaun,94.6,196.03,2072.08,310.1,645.78,2082.46,0.0,0.0,0.0
200,2015,Uttar Pradesh,Budaun,79.57,152.86,1920.98,303.0,870.15,2871.82,0.0,0.0,0.0
200,2016,Uttar Pradesh,Budaun,84.13,179.89,2138.13,285.47,1000.87,3506.09,0.0,0.0,0.0
200,2017,Uttar Pradesh,Budaun,88.35,188.48,2133.41,276.29,1013.67,3668.8,0.0,0.0,0.0
201,2010,Uttar Pradesh,Moradabad,158.55,288.11,1817.16,297.66,936.01,3144.56,0.0,0.0,0.0
201,2011,Uttar Pradesh,Moradabad,141.48,293.56,2074.95,299.27,951.52,3179.51,0.01,0.0,0.0
201,2012,Uttar Pradesh,Moradabad,135.89,311.32,2291.01,295.48,931.38,3152.06,0.0,0.0,0.0
201,2013,Uttar Pradesh,Moradabad,148.26,324.39,2187.98,301.38,1004.75,3333.88,0.0,0.0,0.0
201,2014,Uttar Pradesh,Moradabad,133.38,316.45,2372.63,302.74,565.87,1869.19,0.0,0.0,0.0
201,2015,Uttar Pradesh,Moradabad,139.57,323.42,2317.32,298.53,908.28,3042.47,0.0,0.0,0.0
201,2016,Uttar Pradesh,Moradabad,143.02,320.77,2242.87,296.22,1038.75,3506.66,0.0,0.0,0.0
201,2017,Uttar Pradesh,Moradabad,140.63,327.24,2326.88,300.44,1101.13,3665.08,0.0,0.0,0.0
202,2010,Uttar Pradesh,Shahjahanpur,201.47,430.75,2138.04,252.14,906.58,3595.54,0.0,0.0,0.0
202,2011,Uttar Pradesh,Shahjahanpur,213.18,555.12,2604.0,257.2,993.15,3861.39,0.0,0.0,0.0
202,2012,Uttar Pradesh,Shahjahanpur,161.54,447.63,2771.02,136.89,494.32,3611.07,0.0,0.0,0.0
202,2013,Uttar Pradesh,Shahjahanpur,198.11,531.71,2683.91,255.24,934.69,3662.0,0.0,0.0,0.0
202,2014,Uttar Pradesh,Shahjahanpur,209.33,587.16,2804.95,260.46,517.02,1985.03,0.0,0.0,0.0
202,2015,Uttar Pradesh,Shahjahanpur,155.99,491.22,3149.05,253.36,889.04,3509.0,0.0,0.0,0.0
202,2016,Uttar Pradesh,Shahjahanpur,210.85,627.06,2974.0,250.68,1054.36,4206.0,0.0,0.0,0.0
202,2017,Uttar Pradesh,Shahjahanpur,210.76,686.88,3259.0,247.7,989.81,3996.0,0.0,0.0,0.0
203,2010,Uttar Pradesh,Pilibhit,162.79,404.65,2485.72,154.19,584.36,3789.87,0.0,0.0,0.0
203,2011,Uttar Pradesh,Pilibhit,155.15,435.51,2807.03,147.64,574.34,3890.14,0.0,0.0,0.0
203,2012,Uttar Pradesh,Pilibhit,51.51,130.02,2524.17,103.37,330.06,3193.0,0.0,0.0,0.0
203,2013,Uttar Pradesh,Pilibhit,135.91,380.14,2797.0,143.5,525.35,3660.98,0.0,0.0,0.0
203,2014,Uttar Pradesh,Pilibhit,128.99,338.73,2626.02,144.78,371.37,2565.06,0.0,0.0,0.0
203,2015,Uttar Pradesh,Pilibhit,145.07,436.66,3010.0,154.26,598.05,3876.9,0.0,0.0,0.0
203,2016,Uttar Pradesh,Pilibhit,153.58,481.01,3132.0,140.43,589.8,4200.0,0.0,0.0,0.0
203,2017,Uttar Pradesh,Pilibhit,140.74,461.08,3276.0,131.99,559.23,4237.0,0.0,0.0,0.0
204,2010,Uttar Pradesh,Rampur,144.8,278.28,1921.82,148.78,507.44,3410.67,0.0,0.0,0.0
204,2011,Uttar Pradesh,Rampur,144.99,316.84,2185.25,145.98,511.61,3504.66,0.0,0.0,0.0
204,2012,Uttar Pradesh,Rampur,137.54,312.63,2273.01,140.32,487.18,3471.92,0.0,0.0,0.0
204,2013,Uttar Pradesh,Rampur,136.97,306.95,2241.0,147.28,508.11,3449.96,0.0,0.0,0.0
204,2014,Uttar Pradesh,Rampur,132.69,299.88,2260.0,147.85,264.64,1789.92,0.0,0.0,0.0
204,2015,Uttar Pradesh,Rampur,129.98,293.74,2259.89,133.65,457.5,3423.12,0.0,0.0,0.0
204,2016,Uttar Pradesh,Rampur,148.54,362.45,2440.0,142.05,556.82,3920.0,0.0,0.0,0.0
204,2017,Uttar Pradesh,Rampur,138.67,328.51,2369.0,149.25,598.2,4008.0,0.0,0.0,0.0
205,2010,Uttar Pradesh,Bijnor,59.18,132.72,2242.65,110.02,335.44,3048.9,0.0,0.0,0.0
205,2011,Uttar Pradesh,Bijnor,57.9,138.66,2394.82,106.86,342.4,3204.19,0.0,0.0,0.0
205,2012,Uttar Pradesh,Bijnor,16.12,44.27,2746.28,78.24,323.12,4129.86,0.0,0.0,0.0
205,2013,Uttar Pradesh,Bijnor,52.94,123.3,2329.05,147.96,488.84,3303.87,0.0,0.0,0.0
205,2014,Uttar Pradesh,Bijnor,54.81,143.38,2615.95,116.55,315.04,2703.05,0.0,0.0,0.0
205,2015,Uttar Pradesh,Bijnor,51.35,133.0,2590.07,99.7,309.07,3100.0,0.0,0.0,0.0
205,2016,Uttar Pradesh,Bijnor,53.39,134.92,2527.0,148.01,511.68,3457.0,0.0,0.0,0.0
205,2017,Uttar Pradesh,Bijnor,50.88,127.77,2511.02,157.27,569.33,3620.0,0.0,0.0,0.0
206,2010,Uttar Pradesh,Farrukhabad,30.14,66.79,2215.99,147.25,526.71,3576.98,0.0,0.0,0.0
206,2011,Uttar Pradesh,Farrukhabad,31.11,81.74,2627.45,146.65,571.53,3897.24,0.0,0.0,0.0
206,2012,Uttar Pradesh,Farrukhabad,32.56,94.73,2909.4,145.49,541.35,3720.87,0.0,0.0,0.0
206,2013,Uttar Pradesh,Farrukhabad,37.91,107.37,2832.23,153.35,561.03,3658.49,0.0,0.0,0.0
206,2014,Uttar Pradesh,Farrukhabad,33.91,85.57,2523.44,153.74,288.38,1875.76,0.0,0.0,0.0
206,2015,Uttar Pradesh,Farrukhabad,41.55,96.52,2322.98,143.25,459.82,3209.91,0.0,0.0,0.0
206,2016,Uttar Pradesh,Farrukhabad,37.59,99.89,2657.33,157.56,633.78,4022.45,0.0,0.0,0.0
206,2017,Uttar Pradesh,Farrukhabad,34.62,108.09,3122.12,150.66,680.33,4515.55,0.0,0.0,0.0
207,2010,Uttar Pradesh,Etawah,92.75,242.45,2614.02,197.7,718.68,3635.2,0.0,0.0,0.0
207,2011,Uttar Pradesh,Etawah,97.45,272.9,2800.41,196.78,746.41,3793.12,0.0,0.0,0.0
207,2012,Uttar Pradesh,Etawah,101.82,310.05,3045.08,197.34,742.71,3763.61,0.0,0.0,0.0
207,2013,Uttar Pradesh,Etawah,111.84,345.67,3090.75,200.94,758.67,3775.6,0.0,0.0,0.0
207,2014,Uttar Pradesh,Etawah,108.55,312.43,2878.21,200.98,401.2,1996.22,0.0,0.0,0.0
207,2015,Uttar Pradesh,Etawah,107.19,283.25,2642.5,206.11,659.37,3199.12,0.0,0.0,0.0
207,2016,Uttar Pradesh,Etawah,102.76,297.58,2895.75,198.88,811.1,4078.35,0.0,0.0,0.0
207,2017,Uttar Pradesh,Etawah,101.35,295.3,2913.67,198.17,756.58,3817.91,0.0,0.0,0.0
208,2010,Uttar Pradesh,Kanpur,73.48,169.59,2307.98,224.15,832.36,3713.41,0.0,0.0,0.0
208,2011,Uttar Pradesh,Kanpur,74.54,200.68,2692.25,223.52,836.46,3742.22,0.0,0.0,0.0
208,2012,Uttar Pradesh,Kanpur,71.56,194.06,2711.85,227.47,816.25,3588.39,0.0,0.0,0.0
208,2013,Uttar Pradesh,Kanpur,75.03,198.24,2642.14,230.32,852.79,3702.63,0.0,0.0,0.0
208,2014,Uttar Pradesh,Kanpur,67.39,161.97,2403.47,224.85,358.71,1595.33,0.0,0.0,0.0
208,2015,Uttar Pradesh,Kanpur,69.58,172.09,2473.27,225.57,589.25,2612.27,0.0,0.0,0.0
208,2016,Uttar Pradesh,Kanpur,77.92,238.75,3064.24,225.59,980.36,4345.8,0.0,0.0,0.0
208,2017,Uttar Pradesh,Kanpur,73.99,221.22,2990.0,226.79,925.74,4081.94,0.0,0.0,0.0
209,2010,Uttar Pradesh,Fatehpur,71.47,150.61,2107.32,165.37,541.53,3274.66,0.0,0.0,0.0
209,2011,Uttar Pradesh,Fatehpur,79.78,186.54,2338.18,169.58,555.3,3274.56,0.0,0.0,0.0
209,2012,Uttar Pradesh,Fatehpur,77.16,189.52,2456.19,170.68,560.59,3284.45,0.0,0.0,0.0
209,2013,Uttar Pradesh,Fatehpur,86.46,225.23,2605.02,174.45,595.9,3415.88,0.0,0.0,0.0
209,2014,Uttar Pradesh,Fatehpur,80.7,157.05,1946.1,174.25,341.44,1959.48,0.0,0.0,0.0
209,2015,Uttar Pradesh,Fatehpur,81.95,167.75,2046.98,185.39,460.64,2484.71,0.0,0.0,0.0
209,2016,Uttar Pradesh,Fatehpur,86.79,215.67,2485.0,175.8,614.4,3494.96,0.0,0.0,0.0
209,2017,Uttar Pradesh,Fatehpur,82.06,216.65,2640.0,170.17,591.43,3475.53,0.0,0.0,0.0
210,2010,Uttar Pradesh,Allahabad,189.33,427.16,2256.17,285.64,716.96,2510.01,0.0,0.0,0.0
210,2011,Uttar Pradesh,Allahabad,191.54,483.78,2525.74,288.36,778.0,2698.02,0.0,0.0,0.0
210,2012,Uttar Pradesh,Allahabad,195.08,527.66,2704.84,295.99,768.74,2597.18,0.0,0.0,0.0
210,2013,Uttar Pradesh,Allahabad,210.42,533.42,2535.03,280.91,683.96,2434.8,0.0,0.0,0.0
210,2014,Uttar Pradesh,Allahabad,192.64,407.27,2114.15,284.14,399.28,1405.22,0.0,0.0,0.0
210,2015,Uttar Pradesh,Allahabad,192.54,366.11,1901.47,309.16,610.72,1975.42,0.0,0.0,0.0
210,2016,Uttar Pradesh,Allahabad,211.76,565.56,2670.84,298.33,916.0,3070.41,0.0,0.0,0.0
210,2017,Uttar Pradesh,Allahabad,215.88,575.93,2667.89,283.11,1021.87,3609.38,0.0,0.0,0.0
211,2010,Uttar Pradesh,Jhansi,8.13,15.79,1942.19,310.26,794.47,2560.66,0.0,0.0,0.0
211,2011,Uttar Pradesh,Jhansi,14.28,26.26,1838.94,331.86,960.09,2893.06,0.0,0.0,0.0
211,2012,Uttar Pradesh,Jhansi,11.36,21.32,1876.76,319.32,872.14,2731.24,0.0,0.0,0.0
211,2013,Uttar Pradesh,Jhansi,12.1,21.87,1807.44,331.96,608.25,1832.3,0.0,0.0,0.0
211,2014,Uttar Pradesh,Jhansi,10.55,18.45,1748.82,328.46,551.6,1679.35,0.07,0.0,0.0
211,2015,Uttar Pradesh,Jhansi,10.29,17.14,1665.69,301.34,584.04,1938.14,0.0,0.0,0.0
211,2016,Uttar Pradesh,Jhansi,11.66,15.05,1291.3,339.15,1040.48,3067.85,0.0,0.0,0.0
211,2017,Uttar Pradesh,Jhansi,10.21,16.22,1589.75,302.3,818.4,2707.25,0.0,0.0,0.0
213,2010,Uttar Pradesh,Jalaun,0.57,1.11,1947.37,146.31,467.79,3197.25,0.0,0.0,0.0
213,2011,Uttar Pradesh,Jalaun,0.53,0.98,1849.06,144.07,484.38,3362.12,0.0,0.0,0.0
213,2012,Uttar Pradesh,Jalaun,0.51,0.56,1098.04,145.44,467.11,3211.7,0.0,0.0,0.0
213,2013,Uttar Pradesh,Jalaun,0.52,0.93,1788.46,149.46,445.32,2979.53,0.0,0.0,0.0
213,2014,Uttar Pradesh,Jalaun,0.51,0.89,1745.1,155.13,206.24,1329.47,0.0,0.0,0.0
213,2015,Uttar Pradesh,Jalaun,1.56,2.8,1794.87,158.55,298.12,1880.29,0.0,0.0,0.0
213,2016,Uttar Pradesh,Jalaun,0.42,0.65,1552.13,147.43,547.85,3716.05,0.0,0.0,0.0
213,2017,Uttar Pradesh,Jalaun,0.27,0.34,1264.93,160.36,581.17,3624.09,0.0,0.0,0.0
214,2010,Uttar Pradesh,Hamirpur,0.22,0.25,1136.36,162.51,337.05,2074.03,0.0,0.0,0.0
214,2011,Uttar Pradesh,Hamirpur,0.14,0.19,1357.14,177.67,442.34,2489.67,0.0,0.0,0.0
214,2012,Uttar Pradesh,Hamirpur,0.16,0.29,1812.5,184.52,463.6,2512.46,0.0,0.0,0.0
214,2013,Uttar Pradesh,Hamirpur,0.13,0.24,1846.15,186.24,427.91,2297.63,0.0,0.0,0.0
214,2014,Uttar Pradesh,Hamirpur,0.05,0.09,1800.0,182.93,239.95,1311.7,0.0,0.0,0.0
214,2015,Uttar Pradesh,Hamirpur,0.09,0.1,1111.11,121.11,189.44,1564.2,0.0,0.0,0.0
214,2016,Uttar Pradesh,Hamirpur,0.2,0.35,1778.89,209.21,597.64,2856.66,0.0,0.0,0.0
214,2017,Uttar Pradesh,Hamirpur,0.08,0.15,1948.05,161.51,440.68,2728.57,0.0,0.0,0.0
215,2010,Uttar Pradesh,Banda,53.92,60.55,1122.96,202.34,363.06,1794.31,0.0,0.0,0.0
215,2011,Uttar Pradesh,Banda,64.3,90.48,1407.15,209.27,459.34,2194.96,0.0,0.0,0.0
215,2012,Uttar Pradesh,Banda,58.32,99.95,1713.82,208.0,473.51,2276.49,0.0,0.0,0.0
215,2013,Uttar Pradesh,Banda,66.51,120.09,1805.59,216.46,414.28,1913.89,0.0,0.0,0.0
215,2014,Uttar Pradesh,Banda,58.56,94.68,1616.8,206.19,198.87,964.5,0.0,0.0,0.0
215,2015,Uttar Pradesh,Banda,57.82,66.82,1155.66,82.79,98.95,1195.19,0.0,0.0,0.0
215,2016,Uttar Pradesh,Banda,73.75,131.0,1776.22,246.94,616.45,2496.38,0.0,0.0,0.0
215,2017,Uttar Pradesh,Banda,60.72,118.86,1957.57,208.72,495.11,2372.11,0.0,0.0,0.0
216,2010,Uttar Pradesh,Varanasi,184.99,454.49,2456.84,212.62,572.8,2694.01,0.0,0.0,0.0
216,2011,Uttar Pradesh,Varanasi,179.82,458.49,2549.72,215.03,611.59,2844.21,0.0,0.0,0.0
216,2012,Uttar Pradesh,Varanasi,174.38,465.76,2670.95,219.42,655.35,2986.74,0.0,0.0,0.0
216,2013,Uttar Pradesh,Varanasi,187.12,472.72,2526.29,219.96,589.23,2678.81,0.0,0.0,0.0
216,2014,Uttar Pradesh,Varanasi,174.44,467.59,2680.52,212.11,341.32,1609.17,0.0,0.0,0.0
216,2015,Uttar Pradesh,Varanasi,187.87,504.19,2683.72,215.08,460.91,2142.97,0.0,0.0,0.0
216,2016,Uttar Pradesh,Varanasi,196.4,526.55,2681.03,216.15,677.55,3134.62,0.0,0.0,0.0
216,2017,Uttar Pradesh,Varanasi,194.46,573.42,2948.8,230.27,797.84,3464.76,0.0,0.0,0.0
217,2010,Uttar Pradesh,Mirzpur,116.45,216.54,1859.51,151.04,317.7,2103.42,0.0,0.0,0.0
217,2011,Uttar Pradesh,Mirzpur,125.91,266.41,2115.88,152.0,342.55,2253.62,0.0,0.0,0.0
217,2012,Uttar Pradesh,Mirzpur,124.5,282.22,2266.83,151.59,371.17,2448.51,0.0,0.0,0.0
217,2013,Uttar Pradesh,Mirzpur,111.94,253.45,2264.16,155.38,384.3,2473.29,0.0,0.0,0.0
217,2014,Uttar Pradesh,Mirzpur,110.56,240.11,2171.76,156.13,292.35,1872.48,0.0,0.0,0.0
217,2015,Uttar Pradesh,Mirzpur,126.61,209.26,1652.79,149.12,253.68,1701.18,0.0,0.0,0.0
217,2016,Uttar Pradesh,Mirzpur,123.77,325.32,2628.42,154.54,410.15,2654.06,0.0,0.0,0.0
217,2017,Uttar Pradesh,Mirzpur,123.58,321.45,2601.1,148.82,406.61,2732.25,0.0,0.0,0.0
218,2010,Uttar Pradesh,Jaunpur,144.03,300.61,2087.13,209.95,599.88,2857.25,0.0,0.0,0.0
218,2011,Uttar Pradesh,Jaunpur,145.19,325.06,2238.86,209.64,668.28,3187.75,0.0,0.0,0.0
218,2012,Uttar Pradesh,Jaunpur,147.19,343.97,2336.91,210.45,655.14,3113.04,0.0,0.0,0.0
218,2013,Uttar Pradesh,Jaunpur,149.52,342.39,2289.93,210.67,602.94,2862.01,0.02,0.01,500.0
218,2014,Uttar Pradesh,Jaunpur,140.43,338.99,2413.94,209.45,405.49,1935.98,0.0,0.0,0.0
218,2015,Uttar Pradesh,Jaunpur,143.9,253.26,1759.97,219.05,582.89,2660.99,0.0,0.0,0.0
218,2016,Uttar Pradesh,Jaunpur,153.46,359.4,2342.0,206.88,668.23,3230.0,0.0,0.0,0.0
218,2017,Uttar Pradesh,Jaunpur,157.28,362.68,2306.0,207.67,735.15,3540.0,0.0,0.0,0.0
219,2010,Uttar Pradesh,Ghazipur,149.9,315.09,2102.0,172.02,464.67,2701.26,0.0,0.0,0.0
219,2011,Uttar Pradesh,Ghazipur,148.84,340.25,2286.01,172.76,485.56,2810.6,0.0,0.0,0.0
219,2012,Uttar Pradesh,Ghazipur,149.18,348.62,2336.91,174.61,501.74,2873.49,0.0,0.0,0.0
219,2013,Uttar Pradesh,Ghazipur,148.9,318.04,2135.93,174.04,457.0,2625.83,0.0,0.0,0.0
219,2014,Uttar Pradesh,Ghazipur,136.67,294.26,2153.07,175.21,309.38,1765.77,0.0,0.0,0.0
219,2015,Uttar Pradesh,Ghazipur,154.41,334.3,2165.02,193.11,460.78,2386.1,0.0,0.0,0.0
219,2016,Uttar Pradesh,Ghazipur,147.67,317.05,2147.0,180.11,577.94,3208.9,0.0,0.0,0.0
219,2017,Uttar Pradesh,Ghazipur,154.82,384.25,2482.0,166.21,494.15,2973.0,0.0,0.0,0.0
220,2010,Uttar Pradesh,Ballia,115.98,221.93,1913.52,139.32,408.94,2935.26,0.0,0.0,0.0
220,2011,Uttar Pradesh,Ballia,116.37,295.63,2540.43,136.35,443.13,3249.94,0.0,0.0,0.0
220,2012,Uttar Pradesh,Ballia,112.17,244.3,2177.94,135.9,459.03,3377.7,0.0,0.0,0.0
220,2013,Uttar Pradesh,Ballia,118.0,261.96,2220.0,137.86,395.89,2871.68,0.0,0.0,0.0
220,2014,Uttar Pradesh,Ballia,122.46,251.91,2057.08,141.82,321.8,2269.07,0.0,0.0,0.0
220,2015,Uttar Pradesh,Ballia,115.76,196.1,1694.02,139.2,376.86,2707.33,0.0,0.0,0.0
220,2016,Uttar Pradesh,Ballia,115.91,276.56,2386.0,137.66,542.43,3940.22,0.0,0.0,0.0
220,2017,Uttar Pradesh,Ballia,115.87,290.02,2503.0,136.89,495.07,3616.48,0.0,0.0,0.0
221,2010,Uttar Pradesh,Gorakhpur,319.9,672.53,2102.31,337.28,1024.99,3038.99,0.0,0.0,0.0
221,2011,Uttar Pradesh,Gorakhpur,320.33,729.07,2276.0,341.7,1036.73,3034.04,0.0,0.0,0.0
221,2012,Uttar Pradesh,Gorakhpur,316.05,749.79,2372.38,344.61,1103.37,3201.79,0.0,0.0,0.0
221,2013,Uttar Pradesh,Gorakhpur,311.9,760.63,2438.7,339.39,1118.82,3296.56,0.0,0.0,0.0
221,2014,Uttar Pradesh,Gorakhpur,318.4,744.0,2336.68,342.58,692.9,2022.59,0.0,0.0,0.0
221,2015,Uttar Pradesh,Gorakhpur,320.34,628.4,1961.67,343.98,884.12,2570.27,0.0,0.0,0.0
221,2016,Uttar Pradesh,Gorakhpur,318.29,702.75,2207.85,340.3,1222.98,3593.81,0.0,0.0,0.0
221,2017,Uttar Pradesh,Gorakhpur,319.73,805.12,2518.15,337.69,1330.08,3938.81,0.0,0.0,0.0
222,2010,Uttar Pradesh,Deoria,255.54,550.05,2152.5,264.59,776.38,2934.28,0.0,0.0,0.0
222,2011,Uttar Pradesh,Deoria,254.83,583.62,2290.23,273.49,838.0,3064.1,0.0,0.0,0.0
222,2012,Uttar Pradesh,Deoria,264.66,622.76,2353.06,269.68,814.86,3021.58,0.0,0.0,0.0
222,2013,Uttar Pradesh,Deoria,258.23,654.34,2533.94,271.99,824.37,3030.88,0.01,0.0,0.0
222,2014,Uttar Pradesh,Deoria,251.34,520.68,2071.62,271.67,485.08,1785.55,0.0,0.0,0.0
222,2015,Uttar Pradesh,Deoria,236.49,274.07,1158.91,274.07,672.98,2455.5,0.0,0.0,0.0
222,2016,Uttar Pradesh,Deoria,260.11,533.78,2052.11,269.86,859.79,3186.1,0.0,0.0,0.0
222,2017,Uttar Pradesh,Deoria,255.14,640.36,2509.8,271.13,894.56,3299.32,0.0,0.0,0.0
223,2010,Uttar Pradesh,Basti,368.26,805.26,2186.66,362.8,1064.38,2933.79,0.0,0.0,0.0
223,2011,Uttar Pradesh,Basti,355.31,876.12,2465.79,367.12,1175.49,3201.92,0.0,0.0,0.0
223,2012,Uttar Pradesh,Basti,356.77,876.76,2457.49,370.8,1188.05,3204.02,0.0,0.0,0.0
223,2013,Uttar Pradesh,Basti,368.75,949.18,2574.05,369.14,1283.94,3478.19,0.0,0.0,0.0
223,2014,Uttar Pradesh,Basti,365.71,779.56,2131.63,371.69,886.12,2384.03,0.0,0.0,0.0
223,2015,Uttar Pradesh,Basti,362.07,741.14,2046.95,354.76,1030.69,2905.32,0.0,0.0,0.0
223,2016,Uttar Pradesh,Basti,373.91,817.97,2187.61,367.58,1308.39,3559.47,0.0,0.0,0.0
223,2017,Uttar Pradesh,Basti,370.85,955.54,2576.61,368.44,1391.74,3777.38,0.0,0.0,0.0
224,2010,Uttar Pradesh,Azamgarh,299.36,596.0,1990.91,327.84,919.37,2804.33,0.0,0.0,0.0
224,2011,Uttar Pradesh,Azamgarh,298.23,678.51,2275.12,327.06,954.77,2919.25,0.0,0.0,0.0
224,2012,Uttar Pradesh,Azamgarh,295.37,634.34,2147.61,330.58,1008.85,3051.76,0.0,0.0,0.0
224,2013,Uttar Pradesh,Azamgarh,305.06,662.6,2172.03,325.69,1004.07,3082.9,0.0,0.0,0.0
224,2014,Uttar Pradesh,Azamgarh,293.74,560.61,1908.52,339.0,715.04,2109.26,0.0,0.0,0.0
224,2015,Uttar Pradesh,Azamgarh,292.99,533.16,1819.72,324.1,863.01,2662.79,0.0,0.0,0.0
224,2016,Uttar Pradesh,Azamgarh,299.17,676.36,2260.81,326.75,1093.74,3347.35,0.0,0.0,0.0
224,2017,Uttar Pradesh,Azamgarh,307.36,730.13,2375.45,330.47,1161.7,3515.33,0.0,0.0,0.0
225,2010,Uttar Pradesh,Lucknow,51.54,98.59,1912.88,84.63,239.52,2830.2,0.12,0.03,250.0
225,2011,Uttar Pradesh,Lucknow,51.58,103.6,2008.53,83.48,226.84,2717.3,0.0,0.0,0.0
225,2012,Uttar Pradesh,Lucknow,51.14,104.83,2049.86,83.39,239.49,2871.93,0.0,0.0,0.0
225,2013,Uttar Pradesh,Lucknow,52.16,105.67,2025.88,81.36,241.81,2972.1,0.0,0.0,0.0
225,2014,Uttar Pradesh,Lucknow,54.13,125.84,2324.77,79.32,144.51,1821.86,0.0,0.0,0.0
225,2015,Uttar Pradesh,Lucknow,52.94,107.27,2026.26,78.65,176.4,2242.85,0.0,0.0,0.0
225,2016,Uttar Pradesh,Lucknow,63.8,124.29,1948.0,80.52,228.83,2842.0,0.0,0.0,0.0
225,2017,Uttar Pradesh,Lucknow,51.62,139.73,2707.0,81.59,266.23,3263.0,0.0,0.0,0.0
226,2010,Uttar Pradesh,Unnao,88.19,146.54,1661.64,237.8,704.91,2964.3,0.0,0.0,0.0
226,2011,Uttar Pradesh,Unnao,96.84,172.11,1777.26,239.8,724.24,3020.18,0.0,0.0,0.0
226,2012,Uttar Pradesh,Unnao,98.28,192.83,1962.05,240.11,686.0,2857.02,0.0,0.0,0.0
226,2013,Uttar Pradesh,Unnao,102.46,218.23,2129.9,241.72,736.75,3047.95,0.0,0.0,0.0
226,2014,Uttar Pradesh,Unnao,96.44,161.82,1677.93,243.19,488.08,2006.99,0.0,0.0,0.0
226,2015,Uttar Pradesh,Unnao,87.26,138.22,1584.0,237.76,528.31,2222.03,0.0,0.0,0.0
226,2016,Uttar Pradesh,Unnao,99.89,193.98,1942.0,242.1,772.55,3191.0,0.0,0.0,0.0
226,2017,Uttar Pradesh,Unnao,94.99,199.19,2097.0,244.36,798.32,3267.0,0.0,0.0,0.0
227,2010,Uttar Pradesh,Rae-Bareily,134.94,285.87,2118.4,184.03,501.86,2727.12,0.0,0.0,0.0
227,2011,Uttar Pradesh,Rae-Bareily,136.95,311.28,2272.94,186.08,534.51,2872.48,0.0,0.0,0.0
227,2012,Uttar Pradesh,Rae-Bareily,135.76,338.49,2493.24,186.63,541.68,2902.44,0.0,0.0,0.0
227,2013,Uttar Pradesh,Rae-Bareily,143.0,341.36,2387.15,189.97,531.76,2799.22,0.0,0.0,0.0
227,2014,Uttar Pradesh,Rae-Bareily,146.52,310.62,2119.94,208.82,345.58,1654.89,0.0,0.0,0.0
227,2015,Uttar Pradesh,Rae-Bareily,156.59,326.51,2085.17,208.37,426.84,2048.46,0.0,0.0,0.0
227,2016,Uttar Pradesh,Rae-Bareily,141.09,335.6,2378.7,188.83,606.89,3213.96,0.0,0.0,0.0
227,2017,Uttar Pradesh,Rae-Bareily,140.34,342.72,2442.01,188.22,661.65,3515.36,0.0,0.0,0.0
228,2010,Uttar Pradesh,Sitapur,159.03,314.28,1976.23,223.24,683.72,3062.71,0.01,0.0,0.0
228,2011,Uttar Pradesh,Sitapur,162.23,360.34,2221.17,214.57,678.04,3159.99,0.0,0.0,0.0
228,2012,Uttar Pradesh,Sitapur,162.23,388.54,2394.99,212.02,674.64,3181.96,0.0,0.0,0.0
228,2013,Uttar Pradesh,Sitapur,169.74,414.0,2439.02,210.93,651.57,3089.03,0.0,0.0,0.0
228,2014,Uttar Pradesh,Sitapur,164.2,383.09,2333.07,208.68,372.48,1784.93,0.0,0.0,0.0
228,2015,Uttar Pradesh,Sitapur,160.52,346.41,2158.05,214.59,533.26,2485.02,0.0,0.0,0.0
228,2016,Uttar Pradesh,Sitapur,167.97,391.38,2330.0,212.21,715.56,3372.0,0.0,0.0,0.0
228,2017,Uttar Pradesh,Sitapur,163.87,384.1,2344.0,210.93,685.96,3252.0,0.0,0.0,0.0
229,2010,Uttar Pradesh,Hardoi,141.17,288.7,2045.05,330.69,1103.32,3336.42,0.0,0.0,0.0
229,2011,Uttar Pradesh,Hardoi,145.25,326.9,2250.6,331.47,1209.53,3648.99,0.0,0.0,0.0
229,2012,Uttar Pradesh,Hardoi,144.52,354.64,2453.92,327.78,1041.83,3178.44,0.0,0.0,0.0
229,2013,Uttar Pradesh,Hardoi,149.08,375.1,2516.1,318.25,1130.77,3553.09,0.01,0.0,0.0
229,2014,Uttar Pradesh,Hardoi,142.23,279.49,1965.06,326.19,719.26,2205.03,0.0,0.0,0.0
229,2015,Uttar Pradesh,Hardoi,133.84,301.95,2256.05,326.57,980.02,3000.95,0.0,0.0,0.0
229,2016,Uttar Pradesh,Hardoi,141.44,338.75,2395.0,314.47,1143.43,3636.0,0.0,0.0,0.0
229,2017,Uttar Pradesh,Hardoi,149.8,377.21,2518.0,314.43,1155.22,3674.0,0.0,0.0,0.0
230,2010,Uttar Pradesh,Kheri,188.22,400.8,2129.42,198.87,679.29,3415.75,0.0,0.0,0.0
230,2011,Uttar Pradesh,Kheri,185.39,452.58,2441.23,193.04,667.86,3459.7,0.0,0.0,0.0
230,2012,Uttar Pradesh,Kheri,186.68,478.46,2563.0,183.94,640.47,3481.95,0.0,0.0,0.0
230,2013,Uttar Pradesh,Kheri,173.56,467.91,2695.96,195.58,705.44,3606.91,0.0,0.0,0.0
230,2014,Uttar Pradesh,Kheri,157.23,428.28,2723.91,185.83,498.17,2680.78,0.0,0.0,0.0
230,2015,Uttar Pradesh,Kheri,158.81,417.52,2629.05,176.6,599.2,3392.98,0.0,0.0,0.0
230,2016,Uttar Pradesh,Kheri,182.52,506.32,2774.0,192.36,727.5,3782.0,0.0,0.0,0.0
230,2017,Uttar Pradesh,Kheri,181.78,568.24,3126.0,188.6,775.53,4112.0,0.0,0.0,0.0
231,2010,Uttar Pradesh,Faizabad,213.55,518.98,2430.25,226.68,701.52,3094.76,0.0,0.0,0.0
231,2011,Uttar Pradesh,Faizabad,214.45,547.45,2552.81,227.49,720.28,3166.21,0.0,0.0,0.0
231,2012,Uttar Pradesh,Faizabad,215.59,573.06,2658.1,225.15,711.07,3158.21,0.0,0.0,0.0
231,2013,Uttar Pradesh,Faizabad,219.18,586.77,2677.11,227.52,676.99,2975.52,0.0,0.0,0.0
231,2014,Uttar Pradesh,Faizabad,213.2,498.52,2338.27,230.39,503.08,2183.6,0.0,0.0,0.0
231,2015,Uttar Pradesh,Faizabad,205.4,431.45,2100.54,229.44,681.93,2972.15,0.0,0.0,0.0
231,2016,Uttar Pradesh,Faizabad,213.98,545.34,2548.56,230.51,789.28,3424.09,0.0,0.0,0.0
231,2017,Uttar Pradesh,Faizabad,220.25,643.48,2921.54,227.07,897.2,3951.24,0.0,0.0,0.0
232,2010,Uttar Pradesh,Gonda,229.06,509.24,2223.17,243.68,707.04,2901.51,0.0,0.0,0.0
232,2011,Uttar Pradesh,Gonda,234.18,526.48,2248.19,241.58,716.28,2964.98,0.0,0.0,0.0
232,2012,Uttar Pradesh,Gonda,228.79,535.3,2339.7,243.63,692.46,2842.26,0.0,0.0,0.0
232,2013,Uttar Pradesh,Gonda,232.16,543.38,2340.54,239.1,693.72,2901.38,0.0,0.0,0.0
232,2014,Uttar Pradesh,Gonda,242.56,476.73,1965.41,245.24,591.59,2412.29,0.0,0.0,0.0
232,2015,Uttar Pradesh,Gonda,232.82,452.05,1941.63,243.66,641.62,2633.26,0.0,0.0,0.0
232,2016,Uttar Pradesh,Gonda,247.76,554.25,2237.05,243.52,733.88,3013.58,0.0,0.0,0.0
232,2017,Uttar Pradesh,Gonda,232.55,556.96,2394.98,237.01,765.09,3228.03,0.0,0.0,0.0
233,2010,Uttar Pradesh,Bahraich,235.85,475.82,2017.47,223.9,636.22,2841.54,0.0,0.0,0.0
233,2011,Uttar Pradesh,Bahraich,235.19,491.18,2088.44,222.77,676.95,3038.78,0.03,0.01,333.33
233,2012,Uttar Pradesh,Bahraich,232.68,544.28,2339.18,223.94,627.16,2800.57,0.0,0.0,0.0
233,2013,Uttar Pradesh,Bahraich,234.37,531.06,2265.9,238.76,759.17,3179.64,0.0,0.0,0.0
233,2014,Uttar Pradesh,Bahraich,245.2,541.57,2208.69,234.04,576.51,2463.3,0.0,0.0,0.0
233,2015,Uttar Pradesh,Bahraich,240.68,458.91,1906.72,253.29,673.65,2659.6,0.0,0.0,0.0
233,2016,Uttar Pradesh,Bahraich,231.43,548.93,2371.89,230.5,717.42,3112.5,0.0,0.0,0.0
233,2017,Uttar Pradesh,Bahraich,239.92,612.52,2553.03,236.37,850.34,3597.53,0.0,0.0,0.0
234,2010,Uttar Pradesh,Sultanpur,159.85,363.21,2272.28,173.92,524.45,3015.4,0.0,0.0,0.0
234,2011,Uttar Pradesh,Sultanpur,160.34,381.03,2376.39,175.01,535.58,3060.28,0.0,0.0,0.0
234,2012,Uttar Pradesh,Sultanpur,160.78,410.64,2554.09,176.23,545.06,3092.88,0.0,0.0,0.0
234,2013,Uttar Pradesh,Sultanpur,163.21,386.45,2367.79,176.23,427.57,2426.17,0.0,0.0,0.0
234,2014,Uttar Pradesh,Sultanpur,140.23,235.25,1677.64,158.29,337.1,2129.69,0.0,0.0,0.0
234,2015,Uttar Pradesh,Sultanpur,151.91,309.77,2039.13,169.27,455.75,2692.46,0.0,0.0,0.0
234,2016,Uttar Pradesh,Sultanpur,161.92,376.08,2322.67,172.99,562.49,3251.56,0.0,0.0,0.0
234,2017,Uttar Pradesh,Sultanpur,160.48,463.45,2887.88,187.46,744.21,3970.09,0.0,0.0,0.0
235,2010,Uttar Pradesh,Pratapgarh,97.44,195.82,2009.65,147.75,415.69,2813.47,0.0,0.0,0.0
235,2011,Uttar Pradesh,Pratapgarh,97.81,226.62,2316.94,147.42,432.44,2933.39,0.0,0.0,0.0
235,2012,Uttar Pradesh,Pratapgarh,99.17,240.99,2430.07,146.68,413.04,2815.93,0.0,0.0,0.0
235,2013,Uttar Pradesh,Pratapgarh,99.25,237.79,2395.87,147.81,415.65,2812.06,0.0,0.0,0.0
235,2014,Uttar Pradesh,Pratapgarh,104.14,235.68,2263.11,138.56,191.9,1384.96,0.0,0.0,0.0
235,2015,Uttar Pradesh,Pratapgarh,124.7,224.34,1799.04,169.73,371.37,2188.0,0.0,0.0,0.0
235,2016,Uttar Pradesh,Pratapgarh,99.01,217.03,2192.0,150.56,463.73,3080.0,0.0,0.0,0.0
235,2017,Uttar Pradesh,Pratapgarh,96.36,227.79,2364.0,148.32,469.72,3167.0,0.0,0.0,0.0
236,2010,Uttar Pradesh,Barabanki,178.44,422.32,2366.73,167.92,544.64,3243.45,0.0,0.0,0.0
236,2011,Uttar Pradesh,Barabanki,177.97,491.56,2762.04,165.52,579.9,3503.5,0.0,0.0,0.0
236,2012,Uttar Pradesh,Barabanki,183.96,562.37,3057.02,162.34,603.26,3716.03,0.0,0.0,0.0
236,2013,Uttar Pradesh,Barabanki,181.24,517.97,2857.92,166.53,590.69,3547.05,0.0,0.0,0.0
236,2014,Uttar Pradesh,Barabanki,191.88,529.6,2760.06,165.45,392.11,2369.96,0.0,0.0,0.0
236,2015,Uttar Pradesh,Barabanki,186.63,513.41,2750.95,167.62,498.34,2973.03,0.0,0.0,0.0
236,2016,Uttar Pradesh,Barabanki,183.33,499.76,2726.0,166.97,606.94,3635.0,0.0,0.0,0.0
236,2017,Uttar Pradesh,Barabanki,181.6,520.66,2867.0,168.35,677.09,4022.0,0.0,0.0,0.0
237,2010,Uttarakhand,Nainital,132.4,337.26,2547.28,126.02,473.69,3758.85,0.0,0.0,0.0
237,2011,Uttarakhand,Nainital,128.23,377.12,2940.97,122.41,470.58,3844.29,0.0,0.0,0.0
237,2012,Uttarakhand,Nainital,129.04,398.26,3086.33,120.68,442.08,3663.24,0.0,0.0,0.0
237,2013,Uttarakhand,Nainital,126.75,394.42,3111.79,122.47,447.64,3655.1,0.0,0.0,0.0
237,2014,Uttarakhand,Nainital,125.42,401.82,3203.8,122.88,351.46,2860.19,0.0,0.0,0.0
237,2015,Uttarakhand,Nainital,127.04,431.22,3394.36,122.98,461.5,3752.64,0.0,0.0,0.0
237,2016,Uttarakhand,Nainital,130.44,429.93,3295.98,123.55,495.82,4012.96,0.0,0.0,0.0
237,2017,Uttarakhand,Nainital,132.39,462.89,3496.51,127.2,519.73,4085.96,0.0,0.0,0.0
238,2010,Uttarakhand,Almorah,32.99,36.41,1103.67,54.83,70.26,1281.42,0.0,0.0,0.0
238,2011,Uttarakhand,Almorah,32.47,40.71,1253.77,51.28,57.98,1130.66,0.0,0.0,0.0
238,2012,Uttarakhand,Almorah,31.56,39.4,1248.42,52.78,73.45,1391.63,0.0,0.0,0.0
238,2013,Uttarakhand,Almorah,29.18,38.04,1303.63,49.45,70.39,1423.46,0.0,0.0,0.0
238,2014,Uttarakhand,Almorah,30.03,39.7,1322.01,50.86,54.95,1080.42,0.0,0.0,0.0
238,2015,Uttarakhand,Almorah,31.9,39.18,1228.21,49.79,33.45,671.82,0.0,0.0,0.0
238,2016,Uttarakhand,Almorah,29.64,40.74,1374.8,47.15,51.28,1087.56,0.0,0.0,0.0
238,2017,Uttarakhand,Almorah,28.79,36.67,1273.68,45.16,61.66,1365.53,0.0,0.0,0.0
239,2010,Uttarakhand,Pithorgarh,29.76,35.91,1206.65,33.98,45.59,1341.67,0.0,0.0,0.0
239,2011,Uttarakhand,Pithorgarh,28.97,36.97,1276.15,32.97,43.76,1327.27,0.0,0.0,0.0
239,2012,Uttarakhand,Pithorgarh,26.21,34.18,1304.08,30.64,45.72,1492.17,0.0,0.0,0.0
239,2013,Uttarakhand,Pithorgarh,27.01,37.7,1395.78,29.54,46.47,1573.12,0.0,0.0,0.0
239,2014,Uttarakhand,Pithorgarh,26.44,33.74,1276.1,29.03,42.55,1465.73,0.0,0.0,0.0
239,2015,Uttarakhand,Pithorgarh,26.49,35.07,1323.9,29.68,32.96,1110.51,0.0,0.0,0.0
239,2016,Uttarakhand,Pithorgarh,27.51,37.07,1347.27,29.0,47.42,1635.1,0.0,0.0,0.0
239,2017,Uttarakhand,Pithorgarh,26.3,33.83,1286.44,27.44,50.85,1852.93,0.0,0.0,0.0
240,2010,Uttarakhand,Chamoli,22.14,32.43,1464.77,25.85,38.29,1481.24,0.0,0.0,0.0
240,2011,Uttarakhand,Chamoli,20.02,27.22,1359.64,23.11,34.15,1477.72,0.0,0.0,0.0
240,2012,Uttarakhand,Chamoli,21.25,28.85,1357.65,24.76,36.85,1488.29,0.0,0.0,0.0
240,2013,Uttarakhand,Chamoli,20.28,26.64,1313.61,24.29,36.26,1492.8,0.0,0.0,0.0
240,2014,Uttarakhand,Chamoli,20.21,26.09,1290.95,23.44,27.35,1166.81,0.0,0.0,0.0
240,2015,Uttarakhand,Chamoli,20.39,28.12,1379.11,23.74,26.47,1115.0,0.0,0.0,0.0
240,2016,Uttarakhand,Chamoli,20.7,27.62,1334.57,24.01,31.66,1318.59,0.0,0.0,0.0
240,2017,Uttarakhand,Chamoli,19.59,27.22,1389.64,24.31,33.63,1383.14,0.0,0.0,0.0
241,2010,Uttarakhand,Uttar Kashi,10.4,17.13,1647.12,12.13,20.49,1689.2,0.0,0.0,0.0
241,2011,Uttarakhand,Uttar Kashi,10.62,17.17,1616.76,11.5,18.91,1644.35,0.0,0.0,0.0
241,2012,Uttarakhand,Uttar Kashi,9.92,18.6,1875.0,10.58,18.39,1738.19,0.0,0.0,0.0
241,2013,Uttarakhand,Uttar Kashi,9.01,15.98,1773.58,10.02,17.87,1783.43,0.0,0.0,0.0
241,2014,Uttarakhand,Uttar Kashi,9.92,16.5,1663.31,9.96,13.64,1369.48,0.0,0.0,0.0
241,2015,Uttarakhand,Uttar Kashi,10.74,18.98,1767.23,11.58,18.81,1624.35,0.0,0.0,0.0
241,2016,Uttarakhand,Uttar Kashi,10.11,17.89,1769.86,11.12,18.91,1699.63,0.0,0.0,0.0
241,2017,Uttarakhand,Uttar Kashi,10.25,17.57,1714.51,10.67,17.71,1660.01,0.0,0.0,0.0
242,2010,Uttarakhand,Tehri Garhwal,11.4,16.66,1461.4,23.82,36.93,1550.38,0.0,0.0,0.0
242,2011,Uttarakhand,Tehri Garhwal,12.38,18.41,1487.08,24.14,33.56,1390.22,0.0,0.0,0.0
242,2012,Uttarakhand,Tehri Garhwal,11.11,16.01,1441.04,24.81,37.15,1497.38,0.0,0.0,0.0
242,2013,Uttarakhand,Tehri Garhwal,11.35,17.6,1550.66,22.38,32.75,1463.36,0.0,0.0,0.0
242,2014,Uttarakhand,Tehri Garhwal,11.29,18.99,1682.02,23.74,25.99,1094.78,0.0,0.0,0.0
242,2015,Uttarakhand,Tehri Garhwal,11.63,19.88,1709.37,23.84,29.14,1222.32,0.0,0.0,0.0
242,2016,Uttarakhand,Tehri Garhwal,11.87,18.66,1571.21,22.71,32.23,1419.45,0.0,0.0,0.0
242,2017,Uttarakhand,Tehri Garhwal,10.41,20.49,1966.97,20.69,32.75,1583.0,0.0,0.0,0.0
243,2010,Uttarakhand,Garhwal,17.18,18.65,1085.56,28.24,32.89,1164.66,0.0,0.0,0.0
243,2011,Uttarakhand,Garhwal,15.98,18.44,1153.94,25.29,32.35,1279.16,0.0,0.0,0.0
243,2012,Uttarakhand,Garhwal,15.53,18.21,1172.57,22.73,31.02,1364.72,0.0,0.0,0.0
243,2013,Uttarakhand,Garhwal,13.92,17.91,1286.64,22.43,30.68,1367.81,0.0,0.0,0.0
243,2014,Uttarakhand,Garhwal,14.57,17.36,1191.49,20.85,25.15,1206.23,0.0,0.0,0.0
243,2015,Uttarakhand,Garhwal,12.52,16.76,1338.66,16.78,18.48,1101.31,0.0,0.0,0.0
243,2016,Uttarakhand,Garhwal,10.85,15.18,1398.36,18.19,22.38,1230.43,0.0,0.0,0.0
243,2017,Uttarakhand,Garhwal,10.02,13.87,1384.61,13.44,21.2,1576.88,0.0,0.0,0.0
244,2010,Uttarakhand,Dehradun,11.19,21.83,1950.85,20.96,48.7,2323.47,0.0,0.0,0.0
244,2011,Uttarakhand,Dehradun,10.91,23.08,2115.49,21.25,51.86,2440.47,0.0,0.0,0.0
244,2012,Uttarakhand,Dehradun,11.05,22.7,2054.3,19.93,45.29,2272.45,0.0,0.0,0.0
244,2013,Uttarakhand,Dehradun,10.11,21.54,2130.56,19.06,47.19,2475.87,0.0,0.0,0.0
244,2014,Uttarakhand,Dehradun,9.18,17.67,1924.84,18.82,29.42,1563.23,0.0,0.0,0.0
244,2015,Uttarakhand,Dehradun,10.25,22.13,2159.02,17.83,33.56,1882.22,0.0,0.0,0.0
244,2016,Uttarakhand,Dehradun,10.19,20.74,2036.13,17.47,42.47,2430.99,0.0,0.0,0.0
244,2017,Uttarakhand,Dehradun,9.29,19.56,2105.25,16.85,39.43,2340.32,0.0,0.0,0.0
601,2010,Assam,Cachar,226.24,484.37,2140.96,0.14,0.17,1214.29,0.18,0.01,55.56
601,2011,Assam,Cachar,231.41,518.02,2238.54,0.08,0.1,1250.0,0.17,0.01,58.82
601,2012,Assam,Cachar,231.39,497.93,2151.91,0.08,0.09,1125.0,0.16,0.01,62.5
601,2013,Assam,Cachar,220.66,444.13,2012.73,0.08,0.09,1125.0,0.14,0.01,71.43
601,2014,Assam,Cachar,230.62,515.42,2234.93,0.08,0.09,1125.0,0.14,0.01,71.43
601,2015,Assam,Cachar,229.66,452.79,1971.57,0.07,0.08,1142.86,0.14,0.01,71.43
601,2016,Assam,Cachar,232.73,466.41,2004.13,0.06,0.08,1333.33,0.12,0.01,68.78
601,2017,Assam,Cachar,220.46,410.15,1860.41,0.05,0.08,1388.89,0.11,0.01,66.67
602,2010,Assam,Darrang,348.39,670.09,1923.39,6.33,8.37,1322.27,0.02,0.0,0.0
602,2011,Assam,Darrang,348.28,625.31,1795.42,5.12,5.49,1072.27,0.0,0.0,0.0
602,2012,Assam,Darrang,332.25,690.2,2077.35,3.62,3.72,1027.62,0.09,0.01,111.11
602,2013,Assam,Darrang,326.36,632.91,1939.3,3.01,3.65,1212.62,0.01,0.0,0.0
602,2014,Assam,Darrang,336.82,719.26,2135.44,2.26,3.01,1331.86,0.01,0.0,0.0
602,2015,Assam,Darrang,335.64,727.47,2167.41,2.11,2.64,1251.18,0.01,0.0,0.0
602,2016,Assam,Darrang,328.99,682.28,2073.87,1.28,1.61,1261.14,0.01,0.0,69.23
602,2017,Assam,Darrang,325.73,705.38,2165.54,1.19,1.24,1043.7,0.01,0.0,124.62
603,2010,Assam,Dibrugarh,140.73,291.54,2071.63,0.17,0.22,1294.12,0.0,0.0,0.0
603,2011,Assam,Dibrugarh,142.05,223.28,1571.84,0.06,0.07,1166.67,0.0,0.0,0.0
603,2012,Assam,Dibrugarh,136.65,256.98,1880.57,0.05,0.06,1200.0,0.0,0.0,0.0
603,2013,Assam,Dibrugarh,140.39,253.89,1808.46,0.04,0.05,1250.0,0.0,0.0,0.0
603,2014,Assam,Dibrugarh,138.24,234.63,1697.27,0.05,0.06,1200.0,0.0,0.0,0.0
603,2015,Assam,Dibrugarh,142.05,268.08,1887.22,0.01,0.01,1000.0,0.0,0.0,0.0
603,2016,Assam,Dibrugarh,136.61,244.61,1790.58,0.01,0.01,1333.33,0.0,0.0,180.0
603,2017,Assam,Dibrugarh,141.46,266.26,1882.21,0.01,0.02,1428.57,0.0,0.0,0.0
604,2010,Assam,Goalpara,380.68,763.77,2006.35,15.84,20.75,1310.05,0.06,0.0,0.0
604,2011,Assam,Goalpara,368.67,689.19,1869.4,13.96,19.28,1381.18,0.04,0.0,0.0
604,2012,Assam,Goalpara,378.9,771.09,2035.09,12.17,18.34,1507.64,0.05,0.0,0.0
604,2013,Assam,Goalpara,364.15,835.72,2295.02,11.1,14.75,1328.65,0.05,0.0,0.0
604,2014,Assam,Goalpara,358.88,802.94,2237.35,7.72,10.11,1308.99,0.04,0.0,0.0
604,2015,Assam,Goalpara,356.18,737.67,2071.04,6.6,9.09,1376.44,0.04,0.0,0.0
604,2016,Assam,Goalpara,359.26,812.66,2262.03,5.39,7.38,1369.05,0.02,0.0,83.86
604,2017,Assam,Goalpara,348.15,763.55,2193.13,5.73,8.32,1451.32,0.01,0.0,76.8
605,2010,Assam,Kamrup,491.76,993.12,2019.52,10.37,15.0,1446.48,0.04,0.0,0.0
605,2011,Assam,Kamrup,488.48,913.45,1869.98,9.91,10.85,1094.85,0.02,0.0,0.0
605,2012,Assam,Kamrup,453.14,927.06,2045.86,9.15,11.92,1302.73,0.02,0.0,0.0
605,2013,Assam,Kamrup,461.88,979.23,2120.1,9.03,12.36,1368.77,0.02,0.0,0.0
605,2014,Assam,Kamrup,455.11,992.44,2180.66,7.7,9.07,1177.92,0.02,0.0,0.0
605,2015,Assam,Kamrup,445.0,945.56,2124.85,7.25,7.35,1013.79,0.02,0.0,0.0
605,2016,Assam,Kamrup,442.4,949.9,2147.15,6.48,8.95,1381.62,0.02,0.0,100.0
605,2017,Assam,Kamrup,427.41,1051.16,2459.38,5.9,8.78,1488.31,0.01,0.0,96.92
606,2010,Assam,Karbi Anglong,126.1,237.35,1882.24,1.2,1.51,1258.33,0.82,0.07,85.37
606,2011,Assam,Karbi Anglong,121.57,174.4,1434.56,1.23,1.81,1471.54,0.72,0.06,83.33
606,2012,Assam,Karbi Anglong,128.42,199.17,1550.93,1.17,1.51,1290.6,1.16,0.1,86.21
606,2013,Assam,Karbi Anglong,130.2,219.92,1689.09,1.17,1.51,1290.6,0.82,0.07,85.37
606,2014,Assam,Karbi Anglong,128.0,218.19,1704.61,1.18,1.43,1211.86,0.57,0.05,87.72
606,2015,Assam,Karbi Anglong,129.58,213.17,1645.08,1.16,1.36,1172.41,0.58,0.05,86.21
606,2016,Assam,Karbi Anglong,133.53,247.31,1852.07,1.16,1.79,1550.09,0.61,0.06,91.34
606,2017,Assam,Karbi Anglong,132.87,255.01,1919.27,1.17,1.62,1385.67,0.52,0.05,92.25
607,2010,Assam,Lakhimpur,217.52,345.12,1586.61,0.56,0.57,1017.86,0.02,0.0,0.0
607,2011,Assam,Lakhimpur,229.3,368.12,1605.41,0.48,0.28,583.33,0.02,0.0,0.0
607,2012,Assam,Lakhimpur,225.3,439.02,1948.6,0.41,0.54,1317.07,0.03,0.0,0.0
607,2013,Assam,Lakhimpur,223.45,389.72,1744.1,0.15,0.07,466.67,0.03,0.0,0.0
607,2014,Assam,Lakhimpur,209.71,392.43,1871.3,0.11,0.06,545.45,0.02,0.0,0.0
607,2015,Assam,Lakhimpur,211.61,383.71,1813.29,0.04,0.02,500.0,0.01,0.0,0.0
607,2016,Assam,Lakhimpur,193.62,333.4,1721.92,0.04,0.03,750.0,0.01,0.0,72.0
607,2017,Assam,Lakhimpur,190.66,345.26,1810.82,0.01,0.01,1200.0,0.01,0.0,75.0
608,2010,Assam,North Cachar Hil / Dima hasao,15.25,21.66,1420.33,0.04,0.05,1250.0,0.22,0.02,90.91
608,2011,Assam,North Cachar Hil / Dima hasao,15.57,36.09,2317.92,0.03,0.03,1000.0,0.22,0.02,90.91
608,2012,Assam,North Cachar Hil / Dima hasao,16.19,36.96,2282.89,0.0,0.0,0.0,0.22,0.02,90.91
608,2013,Assam,North Cachar Hil / Dima hasao,15.82,31.84,2012.64,0.0,0.0,0.0,0.01,0.0,0.0
608,2014,Assam,North Cachar Hil / Dima hasao,14.7,34.51,2347.62,0.01,0.01,1000.0,0.06,0.0,0.0
608,2015,Assam,North Cachar Hil / Dima hasao,14.61,31.83,2178.64,0.0,0.0,0.0,0.06,0.01,166.67
608,2016,Assam,North Cachar Hil / Dima hasao,15.03,31.7,2108.61,0.0,0.0,0.0,0.06,0.01,90.0
608,2017,Assam,North Cachar Hil / Dima hasao,13.79,31.09,2254.3,0.0,0.0,0.0,0.06,0.01,94.43
609,2010,Assam,Nagaon,274.15,543.86,1983.8,8.48,7.99,942.22,0.03,0.0,0.0
609,2011,Assam,Nagaon,282.09,530.2,1879.54,8.48,9.73,1147.41,0.03,0.0,0.0
609,2012,Assam,Nagaon,259.56,564.62,2175.3,6.64,7.44,1120.48,0.03,0.0,0.0
609,2013,Assam,Nagaon,286.77,684.62,2387.35,6.27,7.49,1194.58,0.02,0.0,0.0
609,2014,Assam,Nagaon,291.65,624.8,2142.29,4.1,4.5,1097.56,0.01,0.0,0.0
609,2015,Assam,Nagaon,287.8,668.99,2324.5,3.33,3.45,1036.04,0.02,0.0,0.0
609,2016,Assam,Nagaon,287.34,674.49,2347.39,2.71,3.16,1165.25,0.01,0.0,90.0
609,2017,Assam,Nagaon,286.16,709.39,2478.97,3.38,4.13,1221.07,0.01,0.0,90.0
610,2010,Assam,Sibsagar,295.51,650.67,2201.85,1.24,0.91,733.87,0.03,0.0,0.0
610,2011,Assam,Sibsagar,297.88,613.36,2059.08,0.46,0.55,1195.65,0.03,0.0,0.0
610,2012,Assam,Sibsagar,300.09,703.63,2344.73,0.47,0.32,680.85,0.02,0.0,0.0
610,2013,Assam,Sibsagar,314.79,691.05,2195.27,0.21,0.2,952.38,0.02,0.0,0.0
610,2014,Assam,Sibsagar,313.37,658.9,2102.63,0.15,0.09,600.0,0.03,0.0,0.0
610,2015,Assam,Sibsagar,315.03,665.27,2111.77,0.15,0.12,800.0,0.04,0.0,0.0
610,2016,Assam,Sibsagar,320.47,656.05,2047.11,0.14,0.18,1333.33,0.02,0.0,72.0
610,2017,Assam,Sibsagar,330.49,718.15,2172.97,0.14,0.19,1392.59,0.01,0.0,64.29
626,2010,Himachal Pradesh,Bilashpur,1.51,3.13,2072.85,25.07,26.3,1049.06,0.0,0.0,0.0
626,2011,Himachal Pradesh,Bilashpur,1.5,3.11,2073.33,24.94,38.19,1531.27,0.0,0.0,0.0
626,2012,Himachal Pradesh,Bilashpur,1.5,3.16,2106.67,25.3,30.3,1197.63,0.0,0.0,0.0
626,2013,Himachal Pradesh,Bilashpur,1.46,3.03,2075.34,24.31,15.68,645.0,0.0,0.0,0.0
626,2014,Himachal Pradesh,Bilashpur,1.44,3.3,2291.67,24.05,29.67,1233.68,0.0,0.0,0.0
626,2015,Himachal Pradesh,Bilashpur,1.43,2.97,2076.92,23.8,36.85,1548.32,0.0,0.0,0.0
626,2016,Himachal Pradesh,Bilashpur,1.41,2.94,2078.5,23.55,15.29,649.27,0.0,0.0,0.0
626,2017,Himachal Pradesh,Bilashpur,1.43,2.98,2090.34,23.8,37.85,1590.31,0.0,0.0,0.0
627,2010,Himachal Pradesh,Chamba,2.62,3.16,1206.11,19.67,42.85,2178.44,0.0,0.0,0.0
627,2011,Himachal Pradesh,Chamba,2.61,3.14,1203.07,19.57,29.39,1501.79,0.0,0.0,0.0
627,2012,Himachal Pradesh,Chamba,2.62,3.19,1217.56,19.85,49.36,2486.65,0.0,0.0,0.0
627,2013,Himachal Pradesh,Chamba,2.54,3.06,1204.72,23.08,15.61,676.34,0.0,0.0,0.0
627,2014,Himachal Pradesh,Chamba,2.52,3.33,1321.43,21.88,48.35,2209.78,0.0,0.0,0.0
627,2015,Himachal Pradesh,Chamba,2.49,3.0,1204.82,18.68,50.28,2691.65,0.0,0.0,0.0
627,2016,Himachal Pradesh,Chamba,2.46,2.97,1203.65,18.48,24.91,1347.96,0.0,0.0,0.0
627,2017,Himachal Pradesh,Chamba,2.49,3.0,1203.93,18.68,50.28,2691.78,0.0,0.0,0.0
629,2010,Himachal Pradesh,Kangra,38.95,59.87,1537.1,155.18,255.22,1644.67,0.0,0.0,0.0
629,2011,Himachal Pradesh,Kangra,38.76,59.57,1536.89,154.39,215.68,1396.98,0.01,0.0,0.0
629,2012,Himachal Pradesh,Kangra,38.92,60.43,1552.67,156.61,293.98,1877.15,0.0,0.0,0.0
629,2013,Himachal Pradesh,Kangra,37.76,58.06,1537.61,190.35,150.33,789.76,0.0,0.0,0.0
629,2014,Himachal Pradesh,Kangra,37.38,63.2,1690.74,148.91,284.12,1908.0,0.0,0.0,0.0
629,2015,Himachal Pradesh,Kangra,36.98,56.84,1537.05,147.35,264.18,1792.87,0.0,0.0,0.0
629,2016,Himachal Pradesh,Kangra,36.59,56.24,1537.13,145.77,148.35,1017.64,0.0,0.0,60.0
629,2017,Himachal Pradesh,Kangra,36.98,56.95,1539.86,147.34,264.38,1794.31,0.0,0.0,0.0
630,2010,Himachal Pradesh,Kinnaur,0.02,0.02,1000.0,0.2,0.32,1600.0,0.0,0.0,0.0
630,2011,Himachal Pradesh,Kinnaur,0.02,0.02,1000.0,0.2,0.2,1000.0,0.0,0.0,0.0
630,2012,Himachal Pradesh,Kinnaur,0.02,0.02,1000.0,0.2,0.36,1800.0,0.0,0.0,0.0
630,2013,Himachal Pradesh,Kinnaur,0.01,0.02,2000.0,0.19,0.19,1000.0,0.0,0.0,0.0
630,2014,Himachal Pradesh,Kinnaur,0.01,0.02,2000.0,0.19,0.36,1894.74,0.0,0.0,0.0
630,2015,Himachal Pradesh,Kinnaur,0.01,0.02,2000.0,0.19,0.19,1000.0,0.0,0.0,0.0
630,2016,Himachal Pradesh,Kinnaur,0.01,0.02,1500.0,0.18,0.19,1005.43,0.0,0.0,0.0
630,2017,Himachal Pradesh,Kinnaur,0.01,0.02,1571.43,0.19,0.19,994.62,0.0,0.0,0.0
631,2010,Himachal Pradesh,Kullu,1.42,1.85,1302.82,23.01,48.42,2104.3,0.0,0.0,0.0
631,2011,Himachal Pradesh,Kullu,1.41,1.84,1304.96,22.89,33.81,1477.06,0.0,0.0,0.0
631,2012,Himachal Pradesh,Kullu,1.42,1.87,1316.9,23.22,55.77,2401.81,0.0,0.0,0.0
631,2013,Himachal Pradesh,Kullu,1.37,1.8,1313.87,36.69,28.05,764.51,0.0,0.0,0.0
631,2014,Himachal Pradesh,Kullu,1.36,1.96,1441.18,31.71,54.62,1722.49,0.0,0.0,0.0
631,2015,Himachal Pradesh,Kullu,1.34,1.76,1313.43,21.85,34.54,1580.78,0.0,0.0,0.0
631,2016,Himachal Pradesh,Kullu,1.33,1.74,1307.52,21.61,28.14,1302.09,0.0,0.0,0.0
631,2017,Himachal Pradesh,Kullu,1.34,1.76,1308.04,21.85,34.54,1581.25,0.0,0.0,0.0
632,2010,Himachal Pradesh,Lahul & Spiti,0.0,0.0,0.0,0.06,0.08,1333.33,0.0,0.0,0.0
632,2011,Himachal Pradesh,Lahul & Spiti,0.0,0.0,0.0,0.05,0.07,1400.0,0.0,0.0,0.0
632,2012,Himachal Pradesh,Lahul & Spiti,0.0,0.0,0.0,0.06,0.09,1500.0,0.0,0.0,0.0
632,2013,Himachal Pradesh,Lahul & Spiti,0.0,0.0,0.0,0.05,0.05,1000.0,0.0,0.0,0.0
632,2014,Himachal Pradesh,Lahul & Spiti,0.0,0.0,0.0,0.05,0.09,1800.0,0.0,0.0,0.0
632,2015,Himachal Pradesh,Lahul & Spiti,0.0,0.0,0.0,0.05,0.08,1600.0,0.0,0.0,0.0
632,2016,Himachal Pradesh,Lahul & Spiti,0.0,0.0,0.0,0.05,0.05,903.85,0.0,0.0,0.0
632,2017,Himachal Pradesh,Lahul & Spiti,0.0,0.0,0.0,0.05,0.08,1415.09,0.0,0.0,0.0
633,2010,Himachal Pradesh,Solan,4.11,10.36,2520.68,24.67,21.16,857.72,0.01,0.01,1000.0
633,2011,Himachal Pradesh,Solan,4.09,10.31,2520.78,24.55,39.74,1618.74,0.01,0.01,1000.0
633,2012,Himachal Pradesh,Solan,4.11,10.46,2545.01,24.9,65.0,2610.44,0.0,0.0,0.0
633,2013,Himachal Pradesh,Solan,3.98,10.05,2525.13,39.92,33.16,830.66,0.0,0.0,0.0
633,2014,Himachal Pradesh,Solan,3.94,10.94,2776.65,23.67,63.66,2689.48,0.0,0.0,0.0
633,2015,Himachal Pradesh,Solan,3.9,9.84,2523.08,27.48,34.15,1242.72,0.0,0.0,0.0
633,2016,Himachal Pradesh,Solan,3.86,9.73,2521.24,23.18,32.8,1415.3,0.03,0.0,73.33
633,2017,Himachal Pradesh,Solan,3.9,9.84,2521.4,27.48,34.15,1242.82,0.0,0.0,0.0
634,2010,Himachal Pradesh,Mandi,19.96,24.06,1205.41,64.29,75.57,1175.45,0.0,0.0,0.0
634,2011,Himachal Pradesh,Mandi,19.86,23.94,1205.44,63.97,95.81,1497.73,0.0,0.0,0.0
634,2012,Himachal Pradesh,Mandi,19.95,24.28,1217.04,64.88,87.04,1341.55,0.0,0.0,0.0
634,2013,Himachal Pradesh,Mandi,19.35,23.33,1205.68,54.34,44.34,815.97,0.0,0.0,0.0
634,2014,Himachal Pradesh,Mandi,19.15,25.39,1325.85,61.69,85.25,1381.91,0.0,0.0,0.0
634,2015,Himachal Pradesh,Mandi,18.95,32.84,1732.98,61.04,120.4,1972.48,0.0,0.0,0.0
634,2016,Himachal Pradesh,Mandi,18.75,22.6,1205.34,60.39,43.92,727.29,0.0,0.0,0.0
634,2017,Himachal Pradesh,Mandi,18.95,32.84,1733.09,61.04,120.39,1972.3,0.0,0.0,0.0
635,2010,Himachal Pradesh,Shimla,1.2,1.1,916.67,10.43,12.92,1238.73,0.0,0.0,0.0
635,2011,Himachal Pradesh,Shimla,1.19,1.09,915.97,10.37,14.95,1441.66,0.0,0.0,0.0
635,2012,Himachal Pradesh,Shimla,1.2,1.11,925.0,10.52,14.88,1414.45,0.0,0.0,0.0
635,2013,Himachal Pradesh,Shimla,1.16,1.07,922.41,10.11,7.75,766.57,0.0,0.0,0.0
635,2014,Himachal Pradesh,Shimla,1.15,1.16,1008.7,10.0,14.58,1458.0,0.0,0.0,0.0
635,2015,Himachal Pradesh,Shimla,1.14,1.04,912.28,14.1,28.15,1996.45,0.0,0.0,0.0
635,2016,Himachal Pradesh,Shimla,1.12,1.03,917.26,9.79,7.51,766.8,0.0,0.0,0.0
635,2017,Himachal Pradesh,Shimla,1.14,1.04,917.25,14.1,28.15,1996.88,0.0,0.0,0.0
636,2010,Himachal Pradesh,Sirmaur,5.65,6.69,1184.07,24.37,51.87,2128.44,0.0,0.0,0.0
636,2011,Himachal Pradesh,Sirmaur,5.62,5.62,1000.0,24.25,38.94,1605.77,0.0,0.0,0.0
636,2012,Himachal Pradesh,Sirmaur,5.65,6.75,1194.69,24.6,59.75,2428.86,0.0,0.0,0.0
636,2013,Himachal Pradesh,Sirmaur,5.48,6.49,1184.31,36.64,29.12,794.76,0.0,0.0,0.0
636,2014,Himachal Pradesh,Sirmaur,5.43,7.06,1300.18,23.39,58.52,2501.92,0.0,0.0,0.0
636,2015,Himachal Pradesh,Sirmaur,5.37,6.35,1182.5,28.15,33.48,1189.34,0.0,0.0,0.0
636,2016,Himachal Pradesh,Sirmaur,5.31,6.29,1183.99,22.9,30.15,1316.81,0.0,0.0,0.0
636,2017,Himachal Pradesh,Sirmaur,5.37,6.35,1183.9,28.15,33.58,1192.89,0.0,0.0,0.0
651,2010,Kerala,Alappuzha,37.06,91.33,2464.38,0.0,0.0,0.0,0.0,0.0,0.0
651,2011,Kerala,Alappuzha,36.25,111.98,3089.1,0.0,0.0,0.0,0.0,0.0,0.0
651,2012,Kerala,Alappuzha,36.2,104.59,2889.23,0.0,0.0,0.0,0.0,0.0,0.0
651,2013,Kerala,Alappuzha,37.4,106.87,2857.49,0.0,0.0,0.0,0.0,0.0,0.0
651,2014,Kerala,Alappuzha,34.42,103.1,2995.35,0.0,0.0,0.0,0.0,0.0,0.0
651,2015,Kerala,Alappuzha,31.72,89.34,2816.52,0.0,0.0,0.0,0.0,0.0,0.0
651,2016,Kerala,Alappuzha,32.45,102.44,3156.53,0.0,0.0,0.0,0.0,0.0,0.0
651,2017,Kerala,Alappuzha,36.33,105.68,2909.18,0.0,0.0,0.0,0.0,0.0,0.0
652,2010,Kerala,Kannur,14.39,32.95,2290.77,0.0,0.0,0.0,0.0,0.0,0.0
652,2011,Kerala,Kannur,12.76,29.0,2272.19,0.0,0.0,0.0,0.0,0.0,0.0
652,2012,Kerala,Kannur,13.79,32.22,2337.18,0.0,0.0,0.0,0.0,0.0,0.0
652,2013,Kerala,Kannur,13.33,31.55,2367.13,0.0,0.0,0.0,0.0,0.0,0.0
652,2014,Kerala,Kannur,11.04,26.46,2397.51,0.0,0.0,0.0,0.0,0.0,0.0
652,2015,Kerala,Kannur,12.55,28.41,2263.13,0.0,0.0,0.0,0.0,0.0,0.0
652,2016,Kerala,Kannur,10.16,24.1,2372.41,0.0,0.0,0.0,0.0,0.0,0.0
652,2017,Kerala,Kannur,10.07,23.85,2367.44,0.0,0.0,0.0,0.0,0.0,0.0
653,2010,Kerala,Eranakulam,9.38,18.77,2000.0,0.0,0.0,0.0,0.0,0.0,0.0
653,2011,Kerala,Eranakulam,7.98,17.2,2154.6,0.0,0.0,0.0,0.0,0.0,0.0
653,2012,Kerala,Eranakulam,4.18,9.17,2194.92,0.0,0.0,0.0,0.0,0.0,0.0
653,2013,Kerala,Eranakulam,4.18,9.42,2252.51,0.0,0.0,0.0,0.0,0.0,0.0
653,2014,Kerala,Eranakulam,4.78,10.33,2161.09,0.0,0.0,0.0,0.0,0.0,0.0
653,2015,Kerala,Eranakulam,6.13,13.09,2136.1,0.0,0.0,0.0,0.0,0.0,0.0
653,2016,Kerala,Eranakulam,4.87,11.02,2263.54,0.0,0.0,1000.0,0.0,0.0,0.0
653,2017,Kerala,Eranakulam,5.58,13.35,2392.29,0.0,0.0,1000.0,0.0,0.0,0.0
655,2010,Kerala,Kottayam,16.24,44.76,2756.96,0.0,0.0,0.0,0.0,0.0,0.0
655,2011,Kerala,Kottayam,22.42,66.09,2948.17,0.0,0.0,0.0,0.0,0.0,0.0
655,2012,Kerala,Kottayam,18.51,53.56,2893.16,0.0,0.0,0.0,0.0,0.0,0.0
655,2013,Kerala,Kottayam,16.28,52.17,3204.94,0.0,0.0,0.0,0.0,0.0,0.0
655,2014,Kerala,Kottayam,17.86,50.83,2846.02,0.0,0.0,0.0,0.0,0.0,0.0
655,2015,Kerala,Kottayam,16.98,51.27,3019.08,0.0,0.0,0.0,0.0,0.0,0.0
655,2016,Kerala,Kottayam,17.77,49.33,2775.98,0.0,0.0,1000.0,0.0,0.0,0.0
655,2017,Kerala,Kottayam,18.09,51.34,2838.85,0.0,0.0,1000.0,0.0,0.0,0.0
656,2010,Kerala,Kozhikode,10.16,21.91,2155.16,0.0,0.0,0.0,0.0,0.0,0.0
656,2011,Kerala,Kozhikode,8.76,19.53,2230.21,0.0,0.0,0.0,0.0,0.0,0.0
656,2012,Kerala,Kozhikode,10.14,23.52,2318.58,0.0,0.0,0.0,0.0,0.0,0.0
656,2013,Kerala,Kozhikode,9.87,23.79,2409.93,0.0,0.0,0.0,0.0,0.0,0.0
656,2014,Kerala,Kozhikode,8.6,20.39,2369.95,0.0,0.0,0.0,0.0,0.0,0.0
656,2015,Kerala,Kozhikode,8.84,18.98,2147.88,0.0,0.0,0.0,0.0,0.0,0.0
656,2016,Kerala,Kozhikode,7.06,16.32,2312.37,0.0,0.0,0.0,0.0,0.0,0.0
656,2017,Kerala,Kozhikode,7.73,18.09,2339.6,0.0,0.0,0.0,0.0,0.0,0.0
657,2010,Kerala,Malappuram,8.95,21.07,2354.19,0.0,0.0,0.0,0.0,0.0,0.0
657,2011,Kerala,Malappuram,7.53,18.58,2467.46,0.0,0.0,0.0,0.0,0.0,0.0
657,2012,Kerala,Malappuram,6.67,15.38,2305.85,0.0,0.0,0.0,0.0,0.0,0.0
657,2013,Kerala,Malappuram,7.55,19.71,2610.6,0.0,0.0,0.0,0.0,0.0,0.0
657,2014,Kerala,Malappuram,8.4,22.28,2652.38,0.0,0.0,0.0,0.0,0.0,0.0
657,2015,Kerala,Malappuram,8.69,23.65,2721.52,0.0,0.0,0.0,0.0,0.0,0.0
657,2016,Kerala,Malappuram,7.14,17.21,2410.5,0.0,0.0,0.0,0.0,0.0,0.0
657,2017,Kerala,Malappuram,7.79,23.57,3025.8,0.0,0.0,0.0,0.0,0.0,0.0
658,2010,Kerala,Palakkad,87.51,218.16,2492.97,0.0,0.0,0.0,0.5,0.12,240.0
658,2011,Kerala,Palakkad,84.0,224.41,2671.55,0.0,0.0,0.0,0.4,0.11,275.0
658,2012,Kerala,Palakkad,79.2,189.23,2389.27,0.0,0.0,0.0,0.34,0.1,294.12
658,2013,Kerala,Palakkad,82.9,238.07,2871.77,0.0,0.0,0.0,0.0,0.0,0.0
658,2014,Kerala,Palakkad,82.91,236.4,2851.28,0.0,0.0,0.0,0.0,0.0,0.0
658,2015,Kerala,Palakkad,81.12,228.46,2816.32,0.0,0.0,0.0,0.11,0.2,1818.18
658,2016,Kerala,Palakkad,65.51,144.27,2202.23,0.0,0.0,0.0,0.08,0.02,270.0
658,2017,Kerala,Palakkad,75.28,198.63,2638.64,0.0,0.0,0.0,0.08,0.02,282.86
659,2010,Kerala,Kollam,6.33,13.79,2178.52,0.0,0.0,0.0,0.0,0.0,0.0
659,2011,Kerala,Kollam,4.9,13.76,2808.16,0.0,0.0,0.0,0.0,0.0,0.0
659,2012,Kerala,Kollam,3.67,8.97,2444.14,0.0,0.0,0.0,0.0,0.0,0.0
659,2013,Kerala,Kollam,3.83,10.78,2814.62,0.0,0.0,0.0,0.0,0.0,0.0
659,2014,Kerala,Kollam,3.92,10.72,2734.69,0.0,0.0,0.0,0.0,0.0,0.0
659,2015,Kerala,Kollam,4.09,11.75,2872.86,0.0,0.0,0.0,0.0,0.0,0.0
659,2016,Kerala,Kollam,3.94,11.23,2849.57,0.0,0.0,0.0,0.0,0.0,0.0
659,2017,Kerala,Kollam,5.01,13.15,2623.75,0.0,0.0,0.0,0.0,0.0,0.0
660,2010,Kerala,Thrissur,20.26,53.08,2619.94,0.0,0.0,0.0,0.0,0.0,0.0
660,2011,Kerala,Thrissur,21.17,62.32,2943.79,0.0,0.0,0.0,0.0,0.0,0.0
660,2012,Kerala,Thrissur,23.1,67.57,2925.11,0.0,0.0,0.0,0.0,0.0,0.0
660,2013,Kerala,Thrissur,22.27,66.65,2992.82,0.0,0.0,0.0,0.0,0.0,0.0
660,2014,Kerala,Thrissur,24.15,76.02,3147.83,0.0,0.0,0.0,0.0,0.0,0.0
660,2015,Kerala,Thrissur,24.63,78.89,3203.0,0.0,0.0,0.0,0.0,0.0,0.0
660,2016,Kerala,Thrissur,21.1,57.48,2724.08,0.0,0.0,0.0,0.0,0.0,0.0
660,2017,Kerala,Thrissur,21.48,69.11,3217.9,0.0,0.0,0.0,0.0,0.0,0.0
661,2010,Kerala,Thiruvananthapuram,2.92,6.92,2369.86,0.0,0.0,0.0,0.0,0.0,0.0
661,2011,Kerala,Thiruvananthapuram,2.4,6.14,2558.33,0.0,0.0,0.0,0.0,0.0,0.0
661,2012,Kerala,Thiruvananthapuram,1.82,4.1,2252.75,0.0,0.0,0.0,0.0,0.0,0.0
661,2013,Kerala,Thiruvananthapuram,2.0,5.33,2665.0,0.0,0.0,0.0,0.0,0.0,0.0
661,2014,Kerala,Thiruvananthapuram,2.09,5.56,2660.29,0.0,0.0,0.0,0.0,0.0,0.0
661,2015,Kerala,Thiruvananthapuram,2.12,5.45,2570.75,0.0,0.0,0.0,0.0,0.0,0.0
661,2016,Kerala,Thiruvananthapuram,1.39,3.07,2204.74,0.0,0.0,0.0,0.0,0.0,0.0
661,2017,Kerala,Thiruvananthapuram,1.74,4.55,2620.03,0.0,0.0,0.0,0.0,0.0,0.0
701,2010,Orissa,Balasore,397.78,737.06,1852.93,0.95,1.27,1336.84,0.0,0.0,0.0
701,2011,Orissa,Balasore,409.65,796.09,1943.34,0.87,1.38,1586.21,0.0,0.0,0.0
701,2012,Orissa,Balasore,374.12,719.82,1924.04,0.67,1.19,1776.12,0.0,0.0,0.0
701,2013,Orissa,Balasore,394.7,529.28,1340.97,0.56,1.01,1803.57,0.0,0.0,0.0
701,2014,Orissa,Balasore,382.85,734.41,1918.27,0.43,0.77,1790.7,0.0,0.0,0.0
701,2015,Orissa,Balasore,383.52,783.5,2042.92,0.18,0.33,1833.33,0.0,0.0,0.0
701,2016,Orissa,Balasore,377.78,1101.66,2916.14,0.09,0.17,1888.89,0.0,0.0,0.0
701,2017,Orissa,Balasore,370.15,800.97,2163.91,0.2,0.38,1900.0,0.0,0.0,0.0
702,2010,Orissa,Bolangir,340.57,717.03,2105.38,2.3,3.72,1617.39,30.04,18.58,618.51
702,2011,Orissa,Bolangir,306.31,364.9,1191.28,1.7,2.87,1688.24,37.19,11.19,300.89
702,2012,Orissa,Bolangir,330.84,1193.17,3606.49,1.14,2.11,1850.88,40.85,19.14,468.54
702,2013,Orissa,Bolangir,340.9,1071.26,3142.45,0.8,1.44,1800.0,43.27,19.05,440.26
702,2014,Orissa,Bolangir,334.45,1073.18,3208.79,0.66,1.19,1803.03,39.89,17.38,435.7
702,2015,Orissa,Bolangir,323.73,511.39,1579.68,0.29,0.53,1827.59,33.22,12.5,376.28
702,2016,Orissa,Bolangir,332.24,883.22,2658.38,0.24,0.4,1666.67,38.09,108.23,2841.43
702,2017,Orissa,Bolangir,284.7,424.44,1490.83,0.2,0.35,1750.0,43.56,122.86,2820.48
703,2010,Orissa,Cuttack,484.39,733.51,1514.3,0.97,1.58,1628.87,0.0,0.0,0.0
703,2011,Orissa,Cuttack,476.08,805.35,1691.63,1.06,1.47,1386.79,0.0,0.0,0.0
703,2012,Orissa,Cuttack,468.8,1076.68,2296.67,0.86,1.45,1686.05,0.0,0.0,0.0
703,2013,Orissa,Cuttack,462.49,630.32,1362.88,0.83,1.41,1698.8,0.0,0.0,0.0
703,2014,Orissa,Cuttack,461.62,910.11,1971.56,0.68,1.17,1720.59,0.0,0.0,0.0
703,2015,Orissa,Cuttack,431.39,806.7,1870.0,0.33,0.58,1757.58,0.0,0.0,0.0
703,2016,Orissa,Cuttack,437.4,1254.27,2867.56,0.18,0.31,1722.22,0.0,0.0,0.0
703,2017,Orissa,Cuttack,417.2,708.65,1698.59,0.44,0.82,1863.64,0.0,0.0,0.0
704,2010,Orissa,Dhenkanal,176.24,178.0,1009.99,0.47,0.85,1808.51,0.0,0.0,0.0
704,2011,Orissa,Dhenkanal,172.26,274.2,1591.78,0.52,0.96,1846.15,0.0,0.0,0.0
704,2012,Orissa,Dhenkanal,167.9,402.23,2395.65,0.42,0.72,1714.29,0.0,0.0,0.0
704,2013,Orissa,Dhenkanal,171.29,398.64,2327.28,0.47,0.8,1702.13,0.0,0.0,0.0
704,2014,Orissa,Dhenkanal,188.9,550.87,2916.2,0.24,0.41,1708.33,0.0,0.0,0.0
704,2015,Orissa,Dhenkanal,165.51,199.94,1208.02,0.17,0.3,1764.71,0.0,0.0,0.0
704,2016,Orissa,Dhenkanal,154.21,399.75,2592.24,0.06,0.11,1833.33,0.0,0.0,0.0
704,2017,Orissa,Dhenkanal,154.31,211.31,1369.39,0.05,0.09,1800.0,0.0,0.0,0.0
705,2010,Orissa,Ganjam,312.26,514.88,1648.88,0.15,0.28,1866.67,1.94,0.55,283.51
705,2011,Orissa,Ganjam,298.38,193.29,647.8,0.04,0.07,1750.0,2.33,0.64,274.68
705,2012,Orissa,Ganjam,289.29,525.84,1817.69,0.1,0.17,1700.0,2.68,1.11,414.18
705,2013,Orissa,Ganjam,289.88,126.18,435.28,0.1,0.17,1700.0,2.14,0.73,341.12
705,2014,Orissa,Ganjam,301.93,772.5,2558.54,0.06,0.1,1666.67,2.34,0.98,418.8
705,2015,Orissa,Ganjam,279.06,501.53,1797.21,0.01,0.02,2000.0,2.42,0.93,384.3
705,2016,Orissa,Ganjam,285.92,799.75,2797.11,0.02,0.03,1500.0,2.25,5.36,2382.22
705,2017,Orissa,Ganjam,243.24,402.84,1656.14,0.09,0.17,1888.89,2.39,6.83,2857.74
706,2010,Orissa,Kalahandi,380.47,839.62,2206.8,2.72,3.99,1466.91,28.74,15.88,552.54
706,2011,Orissa,Kalahandi,313.1,285.25,911.05,1.22,1.71,1401.64,39.78,18.71,470.34
706,2012,Orissa,Kalahandi,355.5,861.05,2422.08,2.77,4.69,1693.14,47.46,23.01,484.83
706,2013,Orissa,Kalahandi,353.28,830.89,2351.93,2.78,4.96,1784.17,48.22,16.1,333.89
706,2014,Orissa,Kalahandi,328.61,746.19,2270.75,1.8,3.25,1805.56,50.24,18.83,374.8
706,2015,Orissa,Kalahandi,291.63,300.97,1032.03,0.23,0.41,1782.61,51.54,19.02,369.03
706,2016,Orissa,Kalahandi,318.39,667.81,2097.46,0.07,0.13,1857.14,60.08,170.2,2832.89
706,2017,Orissa,Kalahandi,288.76,489.55,1695.35,0.06,0.1,1666.67,62.53,176.93,2829.52
707,2010,Orissa,Keonjhar,181.57,194.97,1073.8,1.46,2.34,1602.74,0.0,0.0,0.0
707,2011,Orissa,Keonjhar,171.46,293.73,1713.11,1.45,2.45,1689.66,0.0,0.0,0.0
707,2012,Orissa,Keonjhar,170.65,283.99,1664.17,1.13,1.91,1690.27,0.0,0.0,0.0
707,2013,Orissa,Keonjhar,175.37,272.65,1554.71,1.14,1.97,1728.07,0.0,0.0,0.0
707,2014,Orissa,Keonjhar,175.8,412.75,2347.84,1.15,1.99,1730.43,0.0,0.0,0.0
707,2015,Orissa,Keonjhar,182.9,206.98,1131.66,0.44,0.76,1727.27,0.0,0.0,0.0
707,2016,Orissa,Keonjhar,192.84,422.25,2189.64,0.29,0.46,1586.21,0.0,0.0,0.0
707,2017,Orissa,Keonjhar,188.36,395.04,2097.26,0.31,0.58,1870.97,0.0,0.0,0.0
708,2010,Orissa,Koraput,439.01,873.99,1990.82,0.98,1.54,1571.43,13.43,5.83,434.1
708,2011,Orissa,Koraput,411.18,400.35,973.66,0.74,1.21,1635.14,21.7,8.43,388.48
708,2012,Orissa,Koraput,417.65,871.13,2085.79,0.67,1.12,1671.64,25.79,13.14,509.5
708,2013,Orissa,Koraput,446.81,1119.39,2505.29,0.68,1.13,1661.76,27.89,13.91,498.75
708,2014,Orissa,Koraput,449.92,978.68,2175.23,0.53,0.89,1679.25,28.92,14.12,488.24
708,2015,Orissa,Koraput,410.45,609.13,1484.05,0.38,0.66,1736.84,30.47,14.91,489.33
708,2016,Orissa,Koraput,429.65,1038.55,2417.2,0.3,0.49,1633.33,32.88,91.91,2795.32
708,2017,Orissa,Koraput,401.48,898.1,2236.97,0.34,0.63,1852.94,34.04,96.12,2823.74
709,2010,Orissa,Mayurbhanja,284.63,265.38,932.37,1.63,2.74,1680.98,0.0,0.0,0.0
709,2011,Orissa,Mayurbhanja,299.21,563.67,1883.86,1.46,2.27,1554.79,0.0,0.0,0.0
709,2012,Orissa,Mayurbhanja,287.33,495.92,1725.96,1.22,2.31,1893.44,0.0,0.0,0.0
709,2013,Orissa,Mayurbhanja,305.17,424.21,1390.08,1.25,2.32,1856.0,0.0,0.0,0.0
709,2014,Orissa,Mayurbhanja,315.96,687.42,2175.66,1.41,2.65,1879.43,0.0,0.0,0.0
709,2015,Orissa,Mayurbhanja,318.03,312.85,983.71,0.25,0.46,1840.0,0.0,0.0,0.0
709,2016,Orissa,Mayurbhanja,306.67,723.12,2357.97,0.31,0.58,1870.97,0.0,0.0,0.0
709,2017,Orissa,Mayurbhanja,324.09,655.66,2023.08,0.16,0.31,1937.5,0.0,0.0,0.0
710,2010,Orissa,Phulbani ( Kandhamal ),117.54,150.21,1277.95,0.74,0.95,1283.78,0.08,0.02,250.0
710,2011,Orissa,Phulbani ( Kandhamal ),102.18,120.19,1176.26,0.79,1.57,1987.34,0.09,0.02,222.22
710,2012,Orissa,Phulbani ( Kandhamal ),112.62,246.92,2192.51,0.52,0.87,1673.08,0.41,0.16,390.24
710,2013,Orissa,Phulbani ( Kandhamal ),114.06,193.98,1700.68,0.32,0.54,1687.5,0.79,0.31,392.41
710,2014,Orissa,Phulbani ( Kandhamal ),105.24,221.6,2105.66,0.41,0.71,1731.71,0.79,0.31,392.41
710,2015,Orissa,Phulbani ( Kandhamal ),90.57,83.55,922.49,0.09,0.16,1777.78,0.83,0.32,385.54
710,2016,Orissa,Phulbani ( Kandhamal ),97.4,248.61,2552.46,0.07,0.12,1714.29,0.81,1.84,2271.6
710,2017,Orissa,Phulbani ( Kandhamal ),89.04,155.67,1748.32,0.09,0.17,1888.89,0.89,2.48,2786.52
711,2010,Orissa,Puri,348.57,593.22,1701.87,0.36,0.4,1111.11,0.0,0.0,0.0
711,2011,Orissa,Puri,332.69,434.65,1306.47,0.37,0.48,1297.3,0.0,0.0,0.0
711,2012,Orissa,Puri,325.04,759.04,2335.22,0.4,0.58,1450.0,0.0,0.0,0.0
711,2013,Orissa,Puri,334.95,364.58,1088.46,0.36,0.53,1472.22,0.0,0.0,0.0
711,2014,Orissa,Puri,325.46,692.52,2127.82,0.33,0.48,1454.55,0.0,0.0,0.0
711,2015,Orissa,Puri,321.38,493.49,1535.53,0.17,0.24,1411.76,0.0,0.0,0.0
711,2016,Orissa,Puri,294.5,752.82,2556.26,0.17,0.23,1352.94,0.0,0.0,0.0
711,2017,Orissa,Puri,276.34,433.1,1567.27,0.15,0.27,1800.0,0.0,0.0,0.0
712,2010,Orissa,Sambalpur,550.84,993.07,1802.83,2.65,3.83,1445.28,0.14,0.07,500.0
712,2011,Orissa,Sambalpur,518.7,1016.49,1959.69,2.22,3.68,1657.66,0.67,0.32,477.61
712,2012,Orissa,Sambalpur,518.66,1586.6,3059.04,2.25,3.88,1724.44,1.48,0.64,432.43
712,2013,Orissa,Sambalpur,580.29,1240.17,2137.16,1.5,2.5,1666.67,1.68,0.73,434.52
712,2014,Orissa,Sambalpur,599.69,1567.98,2614.65,0.9,1.49,1655.56,5.01,2.17,433.13
712,2015,Orissa,Sambalpur,548.69,837.19,1525.8,0.26,0.43,1653.85,6.71,2.88,429.21
712,2016,Orissa,Sambalpur,528.04,1150.15,2178.15,0.23,0.37,1608.7,1.88,4.83,2569.15
712,2017,Orissa,Sambalpur,529.76,626.07,1181.8,0.41,0.76,1853.66,1.16,2.98,2568.97
713,2010,Orissa,Sundargarh,211.82,140.22,661.98,2.17,4.55,2096.77,0.0,0.0,0.0
713,2011,Orissa,Sundargarh,193.34,346.84,1793.94,2.05,4.31,2102.44,0.0,0.0,0.0
713,2012,Orissa,Sundargarh,204.43,474.43,2320.75,2.12,3.86,1820.75,0.0,0.0,0.0
713,2013,Orissa,Sundargarh,211.03,411.87,1951.71,1.97,3.5,1776.65,0.0,0.0,0.0
713,2014,Orissa,Sundargarh,195.83,496.44,2535.06,1.52,2.71,1782.89,0.0,0.0,0.0
713,2015,Orissa,Sundargarh,194.65,228.15,1172.1,0.81,1.47,1814.81,0.0,0.0,0.0
713,2016,Orissa,Sundargarh,207.74,352.36,1696.16,1.02,1.87,1833.33,0.0,0.0,0.0
713,2017,Orissa,Sundargarh,198.96,349.97,1759.0,0.4,0.75,1875.0,0.0,0.0,0.0
800,2010,West Bengal,24 Parganas,595.7,1462.91,2455.78,9.91,26.24,2647.83,0.63,0.18,285.71
800,2011,West Bengal,24 Parganas,610.43,1500.62,2458.3,9.63,27.85,2892.0,0.08,0.06,750.0
800,2012,West Bengal,24 Parganas,595.84,1553.5,2607.24,10.6,29.75,2806.6,0.36,0.27,750.0
800,2013,West Bengal,24 Parganas,612.93,1658.81,2706.36,11.28,31.96,2833.33,0.37,0.23,621.62
800,2014,West Bengal,24 Parganas,620.48,1702.5,2743.84,11.95,35.24,2948.95,0.62,0.28,451.61
800,2015,West Bengal,24 Parganas,622.27,1602.26,2574.86,5.78,12.8,2214.53,0.45,0.24,533.33
800,2016,West Bengal,24 Parganas,582.01,1554.29,2670.56,5.83,18.0,3086.4,0.28,0.16,570.76
800,2017,West Bengal,24 Parganas,606.14,1690.69,2789.27,1.68,3.36,1996.44,0.18,0.16,885.68
803,2010,West Bengal,Nadia,235.74,650.47,2759.27,38.74,98.26,2536.4,0.0,0.0,0.0
803,2011,West Bengal,Nadia,252.14,744.49,2952.68,40.27,123.95,3077.97,0.0,0.0,0.0
803,2012,West Bengal,Nadia,232.86,668.3,2869.96,41.72,138.5,3319.75,0.0,0.0,0.0
803,2013,West Bengal,Nadia,239.03,734.42,3072.5,44.27,149.02,3366.16,0.0,0.0,0.0
803,2014,West Bengal,Nadia,242.85,780.86,3215.4,43.55,148.33,3405.97,0.0,0.0,0.0
803,2015,West Bengal,Nadia,237.13,743.07,3133.6,37.23,92.26,2478.11,0.0,0.0,0.0
803,2016,West Bengal,Nadia,226.16,733.95,3245.22,35.26,113.11,3207.95,0.0,0.0,0.0
803,2017,West Bengal,Nadia,242.66,804.3,3314.53,0.0,0.0,0.0,0.0,0.0,0.0
804,2010,West Bengal,Murshidabad,304.18,861.73,2832.96,96.39,286.36,2970.85,0.0,0.0,0.0
804,2011,West Bengal,Murshidabad,351.02,957.31,2727.22,97.15,275.7,2837.88,0.0,0.0,0.0
804,2012,West Bengal,Murshidabad,352.39,973.7,2763.13,99.24,285.34,2875.25,0.0,0.0,0.0
804,2013,West Bengal,Murshidabad,350.73,1116.7,3183.93,104.32,288.33,2763.9,0.0,0.0,0.0
804,2014,West Bengal,Murshidabad,367.46,1190.49,3239.78,104.91,300.5,2864.36,0.0,0.0,0.0
804,2015,West Bengal,Murshidabad,383.0,1257.25,3282.64,117.5,217.34,1849.7,0.0,0.0,0.0
804,2016,West Bengal,Murshidabad,375.29,1235.66,3292.58,106.15,279.81,2636.05,0.0,0.0,0.0
804,2017,West Bengal,Murshidabad,367.54,1178.19,3205.58,0.06,0.19,3048.39,0.0,0.0,0.0
805,2010,West Bengal,Burdwan,562.86,1665.94,2959.78,1.06,2.32,2188.68,0.0,0.0,0.0
805,2011,West Bengal,Burdwan,592.8,1749.32,2950.94,2.72,6.56,2411.76,0.0,0.0,0.0
805,2012,West Bengal,Burdwan,593.42,1922.46,3239.63,2.01,5.75,2860.7,0.0,0.0,0.0
805,2013,West Bengal,Burdwan,604.19,2016.62,3337.72,1.84,4.95,2690.22,0.0,0.0,0.0
805,2014,West Bengal,Burdwan,583.28,1896.03,3250.63,2.69,7.72,2869.89,0.0,0.0,0.0
805,2015,West Bengal,Burdwan,578.47,1949.43,3369.98,1.52,3.44,2263.16,0.0,0.0,0.0
805,2016,West Bengal,Burdwan,493.44,1514.45,3069.16,1.47,3.42,2322.91,0.0,0.0,0.0
805,2017,West Bengal,Burdwan,520.61,1597.43,3068.36,3.42,9.12,2668.42,0.0,0.0,0.0
806,2010,West Bengal,Birbhum,249.03,747.95,3003.45,32.95,88.05,2672.23,0.0,0.0,0.0
806,2011,West Bengal,Birbhum,386.88,1126.8,2912.53,33.0,86.19,2611.82,0.0,0.0,0.0
806,2012,West Bengal,Birbhum,372.09,1084.23,2913.89,32.38,91.69,2831.69,0.0,0.0,0.0
806,2013,West Bengal,Birbhum,384.61,1274.1,3312.71,34.58,99.44,2875.65,0.0,0.0,0.0
806,2014,West Bengal,Birbhum,384.73,1261.88,3279.91,33.48,95.69,2858.12,0.0,0.0,0.0
806,2015,West Bengal,Birbhum,399.51,1340.67,3355.79,33.81,92.51,2736.17,0.0,0.0,0.0
806,2016,West Bengal,Birbhum,401.63,1309.02,3259.3,29.35,81.05,2761.37,0.0,0.0,0.0
806,2017,West Bengal,Birbhum,423.81,1376.11,3246.97,35.12,99.7,2839.1,0.0,0.0,0.0
807,2010,West Bengal,Bankura,198.02,507.49,2562.82,3.01,6.84,2272.43,0.0,0.0,0.0
807,2011,West Bengal,Bankura,376.99,1119.51,2969.6,2.73,6.49,2377.29,0.0,0.0,0.0
807,2012,West Bengal,Bankura,376.29,1033.74,2747.19,2.69,6.11,2271.38,0.0,0.0,0.0
807,2013,West Bengal,Bankura,377.61,1045.36,2768.36,3.46,6.95,2008.67,0.0,0.0,0.0
807,2014,West Bengal,Bankura,356.09,984.16,2763.8,3.55,9.46,2664.79,0.0,0.0,0.0
807,2015,West Bengal,Bankura,360.61,990.64,2747.12,3.53,7.01,1985.84,0.0,0.0,0.0
807,2016,West Bengal,Bankura,376.63,1058.24,2809.78,3.96,10.52,2656.73,0.0,0.0,0.0
807,2017,West Bengal,Bankura,384.61,1081.48,2811.87,1.17,3.02,2583.76,0.0,0.0,0.0
810,2010,West Bengal,Hooghly,292.37,904.16,3092.52,0.34,0.91,2676.47,0.0,0.0,0.0
810,2011,West Bengal,Hooghly,277.2,806.84,2910.68,0.16,0.38,2375.0,0.0,0.0,0.0
810,2012,West Bengal,Hooghly,273.45,793.04,2900.13,0.1,0.25,2500.0,0.0,0.0,0.0
810,2013,West Bengal,Hooghly,286.05,807.73,2823.74,0.08,0.19,2375.0,0.0,0.0,0.0
810,2014,West Bengal,Hooghly,276.03,860.05,3115.78,0.2,0.49,2450.0,0.0,0.0,0.0
810,2015,West Bengal,Hooghly,277.62,871.28,3138.39,0.01,0.01,1000.0,0.0,0.0,0.0
810,2016,West Bengal,Hooghly,266.97,837.1,3135.59,0.12,0.32,2700.0,0.0,0.0,0.0
810,2017,West Bengal,Hooghly,260.37,839.67,3224.91,0.46,1.12,2416.85,0.0,0.0,0.0
811,2010,West Bengal,Howrah,115.47,304.76,2639.3,0.25,0.51,2040.0,0.01,0.0,0.0
811,2011,West Bengal,Howrah,107.05,225.33,2104.9,0.09,0.11,1222.22,0.07,0.01,142.86
811,2012,West Bengal,Howrah,111.21,286.83,2579.17,0.1,0.28,2800.0,0.06,0.01,166.67
811,2013,West Bengal,Howrah,108.64,275.13,2532.49,0.08,0.2,2500.0,0.0,0.0,0.0
811,2014,West Bengal,Howrah,117.36,320.39,2729.98,0.11,0.28,2545.45,0.0,0.0,0.0
811,2015,West Bengal,Howrah,112.82,222.22,1969.69,0.09,0.13,1444.44,0.0,0.0,0.0
811,2016,West Bengal,Howrah,115.79,299.34,2585.08,0.21,0.42,2014.49,0.0,0.0,0.0
811,2017,West Bengal,Howrah,110.38,300.67,2724.04,0.16,0.28,1723.93,0.0,0.0,0.0
812,2010,West Bengal,Jalpaiguri,224.11,493.74,2203.11,18.05,41.52,2300.28,0.0,0.0,0.0
812,2011,West Bengal,Jalpaiguri,224.62,469.65,2090.86,17.14,42.71,2491.83,0.0,0.0,0.0
812,2012,West Bengal,Jalpaiguri,228.12,492.88,2160.62,17.41,38.89,2233.77,0.0,0.0,0.0
812,2013,West Bengal,Jalpaiguri,229.65,523.15,2278.03,17.24,39.9,2314.39,0.0,0.0,0.0
812,2014,West Bengal,Jalpaiguri,230.54,561.85,2437.1,16.82,37.76,2244.95,0.0,0.0,0.0
812,2015,West Bengal,Jalpaiguri,220.26,556.42,2526.2,12.51,29.21,2334.93,0.0,0.0,0.0
812,2016,West Bengal,Jalpaiguri,210.97,483.41,2291.3,16.35,30.93,1892.04,0.0,0.0,0.0
812,2017,West Bengal,Jalpaiguri,214.23,514.26,2400.54,10.75,35.44,3296.84,0.0,0.0,0.0
813,2010,West Bengal,Darjeeling,32.26,77.8,2411.66,2.0,3.47,1735.0,0.0,0.0,0.0
813,2011,West Bengal,Darjeeling,32.29,75.84,2348.71,1.99,4.15,2085.43,0.0,0.0,0.0
813,2012,West Bengal,Darjeeling,32.42,67.56,2083.9,1.97,2.31,1172.59,0.0,0.0,0.0
813,2013,West Bengal,Darjeeling,32.16,72.3,2248.13,2.0,2.85,1425.0,0.0,0.0,0.0
813,2014,West Bengal,Darjeeling,32.56,68.54,2105.04,2.06,2.97,1441.75,0.0,0.0,0.0
813,2015,West Bengal,Darjeeling,32.59,76.95,2361.15,2.35,3.56,1514.89,0.0,0.0,0.0
813,2016,West Bengal,Darjeeling,27.3,60.2,2204.81,1.86,2.62,1411.19,0.0,0.0,0.0
813,2017,West Bengal,Darjeeling,28.27,65.58,2319.88,0.43,1.29,3011.63,0.0,0.0,0.0
814,2010,West Bengal,Malda,200.76,630.48,3140.47,47.57,143.99,3026.91,0.0,0.0,0.0
814,2011,West Bengal,Malda,204.93,611.97,2986.24,43.52,131.85,3029.64,0.0,0.0,0.0
814,2012,West Bengal,Malda,207.59,644.57,3105.01,44.95,125.13,2783.76,0.0,0.0,0.0
814,2013,West Bengal,Malda,198.77,704.37,3543.64,44.73,131.68,2943.89,0.0,0.0,0.0
814,2014,West Bengal,Malda,204.19,707.57,3465.25,44.4,125.95,2836.71,0.0,0.0,0.0
814,2015,West Bengal,Malda,206.35,705.36,3418.27,50.64,142.29,2809.83,0.0,0.0,0.0
814,2016,West Bengal,Malda,197.17,670.65,3401.3,47.24,145.98,3090.24,0.0,0.0,0.0
814,2017,West Bengal,Malda,213.93,629.95,2944.6,9.68,31.46,3248.97,0.0,0.0,0.0
816,2010,West Bengal,Cooch Behar,275.29,656.87,2386.1,10.57,21.5,2034.06,0.0,0.0,0.0
816,2011,West Bengal,Cooch Behar,273.28,600.69,2198.08,10.65,23.58,2214.08,0.0,0.0,0.0
816,2012,West Bengal,Cooch Behar,277.81,670.26,2412.66,10.6,25.91,2444.34,0.0,0.0,0.0
816,2013,West Bengal,Cooch Behar,273.13,727.97,2665.29,11.25,23.18,2060.44,0.0,0.0,0.0
816,2014,West Bengal,Cooch Behar,277.39,720.1,2595.98,11.39,26.49,2325.72,0.0,0.0,0.0
816,2015,West Bengal,Cooch Behar,270.15,722.23,2673.44,7.14,17.41,2438.38,0.0,0.0,0.0
816,2016,West Bengal,Cooch Behar,270.75,705.71,2606.44,8.4,12.65,1506.91,0.0,0.0,0.0
816,2017,West Bengal,Cooch Behar,273.05,745.2,2729.15,7.4,22.28,3011.49,0.0,0.0,0.0
817,2010,West Bengal,Purulia,152.9,261.75,1711.9,2.01,5.15,2562.19,0.0,0.0,0.0
817,2011,West Bengal,Purulia,270.59,732.35,2706.49,1.88,4.21,2239.36,0.0,0.0,0.0
817,2012,West Bengal,Purulia,289.14,730.73,2527.25,1.65,3.31,2006.06,0.0,0.0,0.0
817,2013,West Bengal,Purulia,302.88,731.54,2415.28,1.19,2.68,2252.1,0.0,0.0,0.0
817,2014,West Bengal,Purulia,279.72,599.42,2142.93,1.62,3.66,2259.26,0.0,0.0,0.0
817,2015,West Bengal,Purulia,272.13,500.44,1838.97,0.86,1.24,1441.86,0.0,0.0,0.0
817,2016,West Bengal,Purulia,276.82,649.82,2347.45,1.37,2.41,1767.94,0.0,0.0,0.0
817,2017,West Bengal,Purulia,273.17,751.47,2750.89,1.05,2.14,2038.97,0.0,0.0,0.0
818,2010,West Bengal,Midnapur,1066.2,2947.41,2764.41,5.31,12.8,2410.55,0.0,0.0,0.0
818,2011,West Bengal,Midnapur,1055.4,2784.21,2638.06,5.23,10.56,2019.12,0.0,0.0,0.0
818,2012,West Bengal,Midnapur,1093.5,2940.45,2689.03,6.39,12.37,1935.84,0.0,0.0,0.0
818,2013,West Bengal,Midnapur,1105.54,2618.92,2368.91,5.12,12.21,2384.77,0.0,0.0,0.0
818,2014,West Bengal,Midnapur,1154.23,3152.73,2731.46,6.29,13.7,2178.06,0.0,0.0,0.0
818,2015,West Bengal,Midnapur,1136.11,3215.01,2829.84,4.2,8.03,1911.9,0.0,0.0,0.0
818,2016,West Bengal,Midnapur,988.33,2852.72,2886.39,4.01,7.67,1912.47,0.0,0.0,0.0
818,2017,West Bengal,Midnapur,970.95,3001.78,3091.58,0.19,0.5,2691.89,0.0,0.0,0.0
822,2010,West Bengal,West Dinajpur,439.26,1216.16,2768.66,48.65,136.5,2805.76,0.0,0.0,0.0
822,2011,West Bengal,West Dinajpur,418.08,1105.35,2643.87,49.51,128.61,2597.66,0.0,0.0,0.0
822,2012,West Bengal,West Dinajpur,408.21,1084.49,2656.7,49.77,130.34,2618.85,0.0,0.0,0.0
822,2013,West Bengal,West Dinajpur,407.78,1069.76,2623.38,50.05,134.32,2683.72,0.0,0.0,0.0
822,2014,West Bengal,West Dinajpur,399.61,1120.63,2804.31,51.62,131.02,2538.16,0.0,0.0,0.0
822,2015,West Bengal,West Dinajpur,414.94,1195.03,2880.01,62.7,161.25,2571.77,0.0,0.0,0.0
822,2016,West Bengal,West Dinajpur,402.75,1141.76,2834.93,58.24,149.62,2568.92,0.0,0.0,0.0
822,2017,West Bengal,West Dinajpur,417.97,1082.16,2589.08,44.44,149.23,3358.09,0.0,0.0,0.0
901,2010,Bihar,Champaran,338.32,303.72,897.73,209.72,571.38,2724.49,0.0,0.0,0.0
901,2011,Bihar,Champaran,437.79,901.33,2058.82,220.8,717.54,3249.73,0.0,0.0,0.0
901,2012,Bihar,Champaran,421.99,884.17,2095.24,223.33,580.31,2598.44,0.0,0.0,0.0
901,2013,Bihar,Champaran,426.86,680.3,1593.73,212.73,594.56,2794.9,0.0,0.0,0.0
901,2014,Bihar,Champaran,423.39,869.69,2054.11,225.36,239.11,1061.01,0.0,0.0,0.0
901,2015,Bihar,Champaran,417.51,568.41,1361.43,216.07,377.99,1749.39,0.0,0.0,0.0
901,2016,Bihar,Champaran,417.65,854.79,2046.69,197.8,472.12,2386.87,0.0,0.0,0.0
901,2017,Bihar,Champaran,401.13,642.01,1600.53,221.16,566.42,2561.08,0.0,0.0,0.0
902,2010,Bihar,Muzaffarpur,293.36,131.42,447.98,220.36,547.28,2483.57,0.0,0.0,0.0
902,2011,Bihar,Muzaffarpur,313.51,651.88,2079.3,211.34,762.76,3609.16,0.0,0.0,0.0
902,2012,Bihar,Muzaffarpur,294.93,650.25,2204.76,241.74,706.44,2922.31,0.0,0.0,0.0
902,2013,Bihar,Muzaffarpur,294.37,275.92,937.32,241.61,791.17,3274.57,0.0,0.0,0.0
902,2014,Bihar,Muzaffarpur,306.03,607.61,1985.46,237.82,323.31,1359.47,0.0,0.0,0.0
902,2015,Bihar,Muzaffarpur,277.12,258.9,934.25,222.33,506.33,2277.38,0.0,0.0,0.0
902,2016,Bihar,Muzaffarpur,282.12,496.21,1758.86,237.43,709.24,2987.09,0.0,0.0,0.0
902,2017,Bihar,Muzaffarpur,284.69,469.65,1649.7,234.86,694.38,2956.65,0.0,0.0,0.0
903,2010,Bihar,Darbhanga,346.31,223.43,645.17,217.86,532.13,2442.53,0.0,0.0,0.0
903,2011,Bihar,Darbhanga,351.8,630.23,1791.44,209.07,645.02,3085.19,0.0,0.0,0.0
903,2012,Bihar,Darbhanga,330.56,460.01,1391.61,211.02,541.53,2566.25,0.0,0.0,0.0
903,2013,Bihar,Darbhanga,349.92,399.58,1141.92,217.42,594.9,2736.18,0.0,0.0,0.0
903,2014,Bihar,Darbhanga,376.24,645.79,1716.43,205.19,276.61,1348.07,0.0,0.0,0.0
903,2015,Bihar,Darbhanga,383.19,490.02,1278.79,196.42,409.5,2084.82,0.0,0.0,0.0
903,2016,Bihar,Darbhanga,373.9,730.2,1952.94,201.4,511.39,2539.23,0.0,0.0,0.0
903,2017,Bihar,Darbhanga,379.07,641.69,1692.79,204.34,573.28,2805.49,0.0,0.0,0.0
904,2010,Bihar,Saharsa,182.75,214.71,1174.88,94.6,179.45,1896.93,0.0,0.0,0.0
904,2011,Bihar,Saharsa,196.4,332.12,1691.04,96.3,257.26,2671.44,0.0,0.0,0.0
904,2012,Bihar,Saharsa,198.09,345.23,1742.79,93.27,200.83,2153.21,0.0,0.0,0.0
904,2013,Bihar,Saharsa,195.88,316.59,1616.24,107.54,265.8,2471.64,0.0,0.0,0.0
904,2014,Bihar,Saharsa,202.4,367.33,1814.87,103.97,195.92,1884.39,0.0,0.0,0.0
904,2015,Bihar,Saharsa,178.44,345.27,1934.94,103.35,198.26,1918.34,0.0,0.0,0.0
904,2016,Bihar,Saharsa,183.32,338.87,1848.51,100.94,233.59,2314.17,0.0,0.0,0.0
904,2017,Bihar,Saharsa,168.85,279.7,1656.48,102.0,266.86,2616.16,0.0,0.0,0.0
905,2010,Bihar,Purnea,396.16,495.69,1251.24,150.24,340.02,2263.18,0.0,0.0,0.0
905,2011,Bihar,Purnea,419.45,844.03,2012.23,158.06,396.93,2511.26,0.0,0.0,0.0
905,2012,Bihar,Purnea,417.81,964.87,2309.35,154.39,486.69,3152.34,0.0,0.0,0.0
905,2013,Bihar,Purnea,414.1,1025.81,2477.2,136.39,390.45,2862.75,0.0,0.0,0.0
905,2014,Bihar,Purnea,390.34,996.73,2553.49,132.41,156.18,1179.52,0.0,0.0,0.0
905,2015,Bihar,Purnea,390.64,776.83,1988.61,103.03,291.04,2824.81,0.0,0.0,0.0
905,2016,Bihar,Purnea,425.09,914.03,2150.19,96.92,232.48,2398.63,0.0,0.0,0.0
905,2017,Bihar,Purnea,400.4,747.48,1866.82,91.16,216.38,2373.64,0.0,0.0,0.0
906,2010,Bihar,Saran,247.47,252.41,1019.96,256.26,690.7,2695.31,0.0,0.0,0.0
906,2011,Bihar,Saran,271.39,518.01,1908.73,257.56,822.94,3195.14,0.0,0.0,0.0
906,2012,Bihar,Saran,261.69,599.32,2290.19,261.06,839.2,3214.59,0.0,0.0,0.0
906,2013,Bihar,Saran,253.72,421.78,1662.38,258.69,810.15,3131.74,0.0,0.0,0.0
906,2014,Bihar,Saran,249.96,521.42,2086.01,248.6,413.22,1662.19,0.0,0.0,0.0
906,2015,Bihar,Saran,243.95,288.01,1180.61,254.0,537.86,2117.56,0.0,0.0,0.0
906,2016,Bihar,Saran,249.96,463.22,1853.21,257.64,839.7,3259.22,0.0,0.0,0.0
906,2017,Bihar,Saran,236.63,413.07,1745.64,242.43,698.72,2882.2,0.0,0.0,0.0
907,2010,Bihar,Patna,116.1,135.51,1167.18,130.59,288.22,2207.06,0.0,0.0,0.0
907,2011,Bihar,Patna,186.6,515.01,2759.97,138.85,442.51,3186.96,0.0,0.0,0.0
907,2012,Bihar,Patna,171.92,473.05,2751.57,143.86,445.36,3095.79,0.0,0.0,0.0
907,2013,Bihar,Patna,106.13,249.87,2354.38,144.52,405.56,2806.26,0.0,0.0,0.0
907,2014,Bihar,Patna,147.61,380.22,2575.84,149.86,354.72,2367.01,0.0,0.0,0.0
907,2015,Bihar,Patna,170.18,501.36,2946.06,144.73,355.68,2457.54,0.0,0.0,0.0
907,2016,Bihar,Patna,176.45,543.02,3077.4,144.57,466.14,3224.36,0.0,0.0,0.0
907,2017,Bihar,Patna,191.89,597.76,3115.03,148.68,500.15,3363.96,0.0,0.0,0.0
908,2010,Bihar,Mungair,128.49,57.92,450.77,180.44,359.5,1992.35,0.0,0.0,0.0
908,2011,Bihar,Mungair,176.23,348.38,1976.85,180.1,570.31,3166.63,0.0,0.0,0.0
908,2012,Bihar,Mungair,161.48,360.51,2232.54,177.73,505.56,2844.54,0.0,0.0,0.0
908,2013,Bihar,Mungair,157.75,284.02,1800.44,164.44,511.04,3107.76,0.0,0.0,0.0
908,2014,Bihar,Mungair,153.82,386.55,2513.0,164.74,256.98,1559.91,0.0,0.0,0.0
908,2015,Bihar,Mungair,177.81,435.69,2450.31,208.35,451.21,2165.63,0.0,0.0,0.0
908,2016,Bihar,Mungair,185.5,563.27,3036.5,201.53,596.86,2961.62,0.0,0.0,0.0
908,2017,Bihar,Mungair,192.94,514.37,2666.03,194.25,590.69,3040.92,0.0,0.0,0.0
909,2010,Bihar,Bhagalpur,110.94,189.38,1707.05,67.34,155.13,2303.68,0.0,0.0,0.0
909,2011,Bihar,Bhagalpur,126.43,471.72,3731.08,65.27,201.35,3084.88,0.0,0.0,0.0
909,2012,Bihar,Bhagalpur,131.5,358.37,2725.25,65.85,162.56,2468.64,0.0,0.0,0.0
909,2013,Bihar,Bhagalpur,125.04,341.09,2727.85,72.58,196.65,2709.42,0.0,0.0,0.0
909,2014,Bihar,Bhagalpur,124.21,419.46,3377.02,72.23,98.51,1363.84,0.0,0.0,0.0
909,2015,Bihar,Bhagalpur,127.48,394.51,3094.68,71.04,205.61,2894.29,0.0,0.0,0.0
909,2016,Bihar,Bhagalpur,127.54,397.85,3119.4,81.31,251.8,3096.85,0.0,0.0,0.0
909,2017,Bihar,Bhagalpur,125.45,441.68,3520.68,80.63,247.35,3067.55,0.0,0.0,0.0
910,2010,Jharkhand,Santhal Paragana / Dumka,194.39,243.47,1252.48,15.84,21.87,1380.68,0.0,0.0,0.0
910,2011,Jharkhand,Santhal Paragana / Dumka,201.41,430.52,2137.53,13.18,22.19,1683.61,0.0,0.0,0.0
910,2012,Jharkhand,Santhal Paragana / Dumka,228.54,443.0,1938.39,23.19,43.97,1896.0,0.0,0.0,0.0
910,2013,Jharkhand,Santhal Paragana / Dumka,215.71,388.89,1802.84,22.92,33.42,1458.12,0.0,0.0,0.0
910,2014,Jharkhand,Santhal Paragana / Dumka,234.67,452.21,1927.0,21.41,27.11,1266.23,0.0,0.0,0.0
910,2015,Jharkhand,Santhal Paragana / Dumka,244.19,249.3,1020.93,27.2,39.99,1470.22,0.0,0.0,0.0
910,2016,Jharkhand,Santhal Paragana / Dumka,265.27,629.56,2373.3,32.77,61.72,1883.52,0.0,0.0,0.0
910,2017,Jharkhand,Santhal Paragana / Dumka,351.0,726.35,2069.39,0.0,0.0,0.0,0.0,0.0,0.0
911,2010,Bihar,Shahabad (now part of Bhojpur district),429.27,770.04,1793.84,361.33,998.84,2764.34,0.0,0.0,0.0
911,2011,Bihar,Shahabad (now part of Bhojpur district),460.7,1732.18,3759.89,370.87,1082.67,2919.27,0.0,0.0,0.0
911,2012,Bihar,Shahabad (now part of Bhojpur district),458.75,1726.82,3764.19,378.95,1070.94,2826.07,0.0,0.0,0.0
911,2013,Bihar,Shahabad (now part of Bhojpur district),493.8,1690.29,3423.03,377.83,1031.75,2730.73,0.0,0.0,0.0
911,2014,Bihar,Shahabad (now part of Bhojpur district),480.88,1619.59,3367.97,383.28,750.16,1957.21,0.0,0.0,0.0
911,2015,Bihar,Shahabad (now part of Bhojpur district),477.68,1605.57,3361.18,374.52,899.14,2400.78,0.0,0.0,0.0
911,2016,Bihar,Shahabad (now part of Bhojpur district),498.15,1498.63,3008.38,354.92,1082.54,3050.06,0.0,0.0,0.0
911,2017,Bihar,Shahabad (now part of Bhojpur district),492.74,1840.01,3734.21,359.53,1118.79,3111.83,0.0,0.0,0.0
912,2010,Bihar,Gaya,256.23,338.42,1320.77,211.45,431.38,2040.1,0.0,0.0,0.0
912,2011,Bihar,Gaya,410.65,1293.08,3148.86,233.69,631.65,2702.94,0.0,0.0,0.0
912,2012,Bihar,Gaya,450.17,1499.42,3330.79,256.5,634.88,2475.17,0.0,0.0,0.0
912,2013,Bihar,Gaya,333.23,964.36,2893.98,215.06,542.7,2523.48,0.0,0.0,0.0
912,2014,Bihar,Gaya,408.54,1427.25,3493.54,230.97,505.5,2188.6,0.0,0.0,0.0
912,2015,Bihar,Gaya,388.34,1137.68,2929.6,216.93,503.84,2322.59,0.0,0.0,0.0
912,2016,Bihar,Gaya,420.09,1438.68,3424.65,231.35,589.99,2550.18,0.0,0.0,0.0
912,2017,Bihar,Gaya,433.19,1505.74,3475.97,222.27,631.28,2840.14,0.0,0.0,0.0
913,2010,Jharkhand,Hazaribagh,89.57,74.2,828.43,10.67,10.61,994.1,0.0,0.0,0.0
913,2011,Jharkhand,Hazaribagh,129.17,286.95,2221.56,10.84,16.17,1491.73,0.0,0.0,0.0
913,2012,Jharkhand,Hazaribagh,136.42,252.05,1847.61,12.96,25.27,1949.4,0.0,0.0,0.0
913,2013,Jharkhand,Hazaribagh,169.33,415.7,2454.89,15.03,32.19,2140.78,0.0,0.0,0.0
913,2014,Jharkhand,Hazaribagh,116.67,290.1,2486.47,28.79,55.92,1942.23,0.0,0.0,0.0
913,2015,Jharkhand,Hazaribagh,182.45,191.96,1052.13,18.39,38.23,2078.61,0.0,0.0,0.0
913,2016,Jharkhand,Hazaribagh,182.11,388.81,2135.06,18.93,46.35,2448.28,0.0,0.0,0.0
913,2017,Jharkhand,Hazaribagh,266.02,533.69,2006.23,0.0,0.0,0.0,0.0,0.0,0.0
914,2010,Jharkhand,Dhanbad,10.78,13.18,1222.4,0.2,0.25,1271.66,0.0,0.0,0.0
914,2011,Jharkhand,Dhanbad,20.39,57.79,2833.67,0.25,0.44,1760.16,0.0,0.0,0.0
914,2012,Jharkhand,Dhanbad,23.18,42.02,1812.76,0.2,0.37,1897.25,0.0,0.0,0.0
914,2013,Jharkhand,Dhanbad,22.1,59.72,2702.9,0.37,0.74,2036.66,0.0,0.0,0.0
914,2014,Jharkhand,Dhanbad,20.85,52.94,2539.25,0.45,0.54,1208.47,0.0,0.0,0.0
914,2015,Jharkhand,Dhanbad,15.15,15.88,1048.07,0.2,0.3,1509.96,0.0,0.0,0.0
914,2016,Jharkhand,Dhanbad,20.33,31.88,1568.31,0.18,0.32,1760.8,0.0,0.0,0.0
914,2017,Jharkhand,Dhanbad,53.28,113.46,2129.71,0.0,0.0,0.0,0.0,0.0,0.0
915,2010,Jharkhand,Palamau,55.5,29.47,530.99,17.02,14.49,851.35,0.0,0.0,0.0
915,2011,Jharkhand,Palamau,69.97,137.2,1960.84,17.38,24.54,1411.97,0.0,0.0,0.0
915,2012,Jharkhand,Palamau,96.26,209.34,2174.74,25.88,46.83,1809.18,0.0,0.0,0.0
915,2013,Jharkhand,Palamau,58.39,86.99,1489.81,27.56,26.13,948.11,0.0,0.0,0.0
915,2014,Jharkhand,Palamau,43.82,48.98,1117.75,18.61,26.02,1398.17,0.0,0.0,0.0
915,2015,Jharkhand,Palamau,87.44,68.88,787.74,16.37,22.9,1398.9,0.0,0.0,0.0
915,2016,Jharkhand,Palamau,99.93,210.26,2104.1,37.07,69.47,1874.17,0.0,0.0,0.0
915,2017,Jharkhand,Palamau,121.89,253.28,2077.92,0.0,0.0,0.0,0.0,0.0,0.0
916,2010,Jharkhand,Ranchi,299.39,287.66,960.82,5.37,6.61,1230.91,0.0,0.0,0.0
916,2011,Jharkhand,Ranchi,308.08,666.56,2163.59,5.59,9.51,1701.25,0.0,0.0,0.0
916,2012,Jharkhand,Ranchi,342.83,670.11,1954.64,5.78,10.5,1815.63,0.0,0.0,0.0
916,2013,Jharkhand,Ranchi,353.05,714.66,2024.25,6.12,11.88,1941.18,0.0,0.0,0.0
916,2014,Jharkhand,Ranchi,316.66,658.31,2078.92,12.63,22.81,1806.02,0.0,0.0,0.0
916,2015,Jharkhand,Ranchi,370.06,352.66,952.98,6.9,10.48,1518.84,0.0,0.0,0.0
916,2016,Jharkhand,Ranchi,550.38,1195.51,2172.16,22.78,48.17,2114.54,0.0,0.0,0.0
916,2017,Jharkhand,Ranchi,556.33,1124.5,2021.3,0.0,0.0,0.0,0.0,0.0,0.0
917,2010,Jharkhand,Singhbhum,187.56,111.26,593.2,0.52,0.34,653.85,0.0,0.0,0.0
917,2011,Jharkhand,Singhbhum,253.68,485.46,1913.67,0.71,0.83,1169.01,0.0,0.0,0.0
917,2012,Jharkhand,Singhbhum,263.85,517.22,1960.28,1.32,1.63,1236.36,0.0,0.0,0.0
917,2013,Jharkhand,Singhbhum,267.06,579.7,2170.67,1.53,1.85,1209.15,0.0,0.0,0.0
917,2014,Jharkhand,Singhbhum,256.33,586.63,2288.57,5.36,6.65,1240.67,0.0,0.0,0.0
917,2015,Jharkhand,Singhbhum,263.21,264.71,1005.7,1.99,1.82,914.57,0.0,0.0,0.0
917,2016,Jharkhand,Singhbhum,224.05,319.01,1423.84,0.38,0.83,2167.98,0.0,0.0,0.0
917,2017,Jharkhand,Singhbhum,386.91,669.97,1731.62,0.0,0.0,0.0,0.0,0.0,0.0
